idx,T,log10E,log10Jump,dir,cap,E,slope
0,7000,4.885561985817278297e-01,-2.687024809861122132e-01,-1,0,3.080038878958001103e+00,5.718191288672345607e+00
1,7000.01,4.963221923605696806e-01,-2.357172984853892483e-01,-1,0,3.135611094146004252e+00,5.395596830039899316e+00
2,7000.02,5.035099063101370342e-01,-2.014334131264770567e-01,-1,0,3.187938292128087436e+00,5.069245443121682015e+00
3,7000.03,5.101406381206341489e-01,-1.655904364183038435e-01,-1,0,3.236984636337600474e+00,4.739484142584904802e+00
4,7000.04,5.162335465927780920e-01,-1.278762502736640327e-01,-1,0,3.282717773831472119e+00,4.406662571820552543e+00
5,7000.05,5.218058680868111754e-01,-8.790938005211169914e-02,-1,0,3.325108859574401166e+00,4.071132602018428415e+00
6,7000.06,5.268731025232956666e-01,-4.521373039177892933e-02,-1,0,3.364132576705133992e+00,3.733247929589347702e+00
7,7000.07,5.314491735923447813e-01,8.187673930736817608e-04,-1,0,3.399767152770690526e+00,3.393363672412432752e+00
8,7000.08,5.355465669836471099e-01,5.098538017857835725e-02,-1,0,3.431994371919182107e+00,3.051835965386090255e+00
9,7000.09,5.391764497716956539e-01,1.063639890312740033e-01,-1,0,3.460799583046655137e+00,2.709021555761320421e+00
10,7000.1,5.423487735424974421e-01,1.684666916080628796e-01,-1,0,3.486171703898167884e+00,2.365277398735469383e+00
11,7000.11,5.450723634017666797e-01,2.395145910701680647e-01,-1,0,3.508103221128097360e+00,2.020960253783441019e+00
12,7000.12,5.473549946386924159e-01,3.229705337643447027e-01,-1,0,3.526590186329427112e+00,1.676426282201715745e+00
13,7000.13,5.492034585171179373e-01,4.246892416539368442e-01,-1,0,3.541632208046511909e+00,1.332030646338272284e+00
14,7000.14,5.506236184143274981e-01,5.558108033349576926e-01,-1,0,3.553232439790530162e+00,9.881271109787053142e-01
15,7000.15,5.516204573162958313e-01,7.420151964288229651e-01,-1,0,3.561397564081527189e+00,6.450676473554496360e-01
16,7000.16,5.521981174990381325e-01,1.070465998166541643e+00,-1,0,3.566137772545597162e+00,3.032020402430935513e-01
17,7000.17,5.523599330720049272e-01,1.982722700752381995e+00,1,0,3.567466742100359411e+00,-3.712250140172765334e-02
18,7000.18,5.521084559259583635e-01,9.774271252137750610e-01,1,0,3.565401607266451833e+00,-3.755617298023972706e-01
19,7000.19,5.514454755100210992e-01,6.991029045798216046e-01,1,0,3.559962928647255609e+00,-7.117747392784598004e-01
20,7000.2,5.503720327569121551e-01,5.310794245097940625e-01,1,0,3.551174657623541009e+00,-1.045424342274063667e+00
21,7000.21,5.488884283786060747e-01,4.102139942812639273e-01,1,0,3.539064097314074786e+00,-1.376177440063562463e+00
22,7000.22,5.469942256639840350e-01,3.155997288691806957e-01,1,0,3.523661859857575962e+00,-1.703705387706281105e+00
23,7000.23,5.446882478229626567e-01,2.376878979966706718e-01,1,0,3.505001820075634544e+00,-2.027684352830113390e+00
24,7000.24,5.419685698357100678e-01,1.713082729137228588e-01,1,0,3.483121065580365716e+00,-2.347795667831767741e+00
25,7000.25,5.388325046785632511e-01,1.133429263573054735e-01,1,0,3.458059843394670096e+00,-2.663726175090120218e+00
26,7000.26,5.352765837077630984e-01,6.176500702543333970e-02,1,0,3.429861503156936386e+00,-2.975168564798255311e+00
27,7000.27,5.312965308856220092e-01,1.518154789957917167e-02,1,0,3.398572436985941359e+00,-3.281821705029349001e+00
28,7000.28,5.268872304284351049e-01,-2.740696375439730104e-02,1,0,3.364242016085487563e+00,-3.583390963661584827e+00
29,7000.29,5.220426873382085775e-01,-6.674297841343891646e-02,1,0,3.326922524172016615e+00,-3.879588521797765477e+00
30,7000.3,5.167559801474166381e-01,-1.033939968476552534e-01,1,0,3.286669087812033929e+00,-4.170133678326184423e+00
31,7000.31,5.110192050531335850e-01,-1.378044380868096441e-01,1,0,3.243539603759644674e+00,-4.454753145280619719e+00
32,7000.32,5.048234104387105958e-01,-1.703297326735435102e-01,1,0,3.197594663387881564e+00,-4.733181333669038260e+00
33,7000.33,4.981585205711362985e-01,-2.012594991793680288e-01,1,0,3.148897474310726974e+00,-5.005160629452670484e+00
34,7000.34,4.910132470122182125e-01,-2.308337633028117730e-01,1,0,3.097513779295876013e+00,-5.270441659369590859e+00
35,7000.35,4.833749859815364980e-01,-2.592546015185306363e-01,1,0,3.043511772571269702e+00,-5.528783546309735897e+00
36,7000.36,4.752296995458019646e-01,-2.866946941064708043e-01,1,0,2.986962013631285995e+00,-5.779954153961456065e+00
37,7000.37,4.665617780662733582e-01,-3.133037424045233554e-01,1,0,2.927937338651231958e+00,-6.023730320463147159e+00
38,7000.38,4.573538807919197979e-01,-3.392133816032827376e-01,1,0,2.866512769621344603e+00,-6.259898080807286824e+00
39,7000.39,4.475867508134176442e-01,-3.645410172199551879e-01,1,0,2.802765421313996530e+00,-6.488252877758259096e+00
40,7000.4,4.372389997556214714e-01,-3.893928826332491711e-01,1,0,2.736774406200090048e+00,-6.708599761059666378e+00
41,7000.41,4.262868565361324635e-01,-4.138665291814329072e-01,1,0,2.668620737432813250e+00,-6.920753574721419277e+00
42,7000.42,4.147038731914944321e-01,-4.380529030231488097e-01,1,0,2.598387230018944116e+00,-7.124539132191671342e+00
43,7000.43,4.024605790852247567e-01,-4.620381243585872655e-01,1,0,2.526158400299766349e+00,-7.319791379233723916e+00
44,7000.44,3.895240726480261317e-01,-4.859050586106759551e-01,1,0,2.452020363865384578e+00,-7.506355544343222164e+00
45,7000.45,3.758575370025328266e-01,-5.097347519710333508e-01,1,0,2.376060732027794220e+00,-7.684087276556352819e+00
46,7000.46,3.614196621751823435e-01,-5.336077929681926069e-01,1,0,2.298368506979477477e+00,-7.852852770515317715e+00
47,7000.47,3.461639517924134934e-01,-5.576056560169246890e-01,1,0,2.219033975765559052e+00,-8.012528878673043309e+00
48,7000.48,3.300378857681782740e-01,-5.818120815406639945e-01,1,0,2.138148603198648079e+00,-8.163003210534890641e+00
49,7000.49,3.129819019008192038e-01,-6.063145500549071976e-01,1,0,2.055804923846445753e+00,-8.304174218851036571e+00
50,7000.5,2.949281476197165852e-01,-6.312059149053759199e-01,1,0,1.972096433222975120e+00,-8.435951272689196756e+00
51,7000.51,2.757989370466507606e-01,-6.565862710987051543e-01,1,0,1.887117478314916941e+00,-8.558254717333394268e+00
52,7000.52,2.555048261073868954e-01,-6.825651575307513097e-01,1,0,1.800963147574989653e+00,-8.671015920970573276e+00
53,7000.53,2.339421866722405929e-01,-7.092642196868652604e-01,1,0,1.713729160514626093e+00,-8.774177308142965259e+00
54,7000.54,2.109901150158187133e-01,-7.368205040225936919e-01,1,0,1.625511757028327731e+00,-8.867692379960249838e+00
55,7000.55,1.865064429884468467e-01,-7.653906209056521304e-01,1,0,1.536407586582062779e+00,-8.951525721081571518e+00
56,7000.56,1.603225204223829581e-01,-7.951561118962575669e-01,1,0,1.446513597397894202e+00,-9.025652993493627818e+00
57,7000.57,1.322362849650820238e-01,-8.263305086951089340e-01,1,0,1.355926925766675506e+00,-9.090060917126976392e+00
58,7000.58,1.020028975440877561e-01,-8.591688084484343513e-01,1,0,1.264744785620158130e+00,-9.144747237368608950e+00
59,7000.59,6.932183971289383739e-02,-8.939804715452582817e-01,1,0,1.173064358493189463e+00,-9.189720679544738147e+00
60,7000.6,3.381873715318733931e-02,-9.311476795991370237e-01,1,0,1.080982684005866501e+00,-9.225000890463379122e+00
61,7000.61,-4.980909034716005622e-03,-9.711516736064796929e-01,1,0,9.885965509945313645e-01,-9.250618367121891339e+00
62,7000.62,-4.769083217909759337e-02,-1.014611922545295641e+00,1,0,8.960023894193716032e-01,-9.266614372700098912e+00
63,7000.63,-9.512430737477650666e-02,-1.062346479865242888e+00,1,0,8.032961631751014409e-01,-9.273040839974797223e+00
64,7000.64,-1.483911373282709723e-01,-1.115469009779350706e+00,1,0,7.105732639297684949e-01,-9.269960262306547349e+00
65,7000.65,-2.090618398469214767e-01,-1.175553007212608136e+00,1,0,6.179284061151462115e-01,-9.257445572364476405e+00
66,7000.66,-2.794640386280046740e-01,-1.244928213628754943e+00,1,0,5.254555231904441959e-01,-9.235580008769428417e+00
67,7000.67,-3.632637689496746036e-01,-1.327261940766369053e+00,1,0,4.332476652991884003e-01,-9.204456970850163344e+00
68,7000.68,-4.667404287331969881e-01,-1.428834033059655173e+00,1,0,3.413968984371107962e-01,-9.164179861721441611e+00
69,7000.69,-6.020700579621131032e-01,-1.561820151921091027e+00,1,0,2.499942052467263864e-01,-9.114861919906614318e+00
70,7000.7,-7.982496087061056178e-01,-1.755216044216340920e+00,1,0,1.591293875519837198e-01,-9.056626039740887535e+00
71,7000.71,-1.161837695553145533e+00,-2.115578284711140178e+00,1,0,6.889097074394502640e-02,-8.989604580804680722e+00
72,7000.72,-1.685418891677267217e+00,-2.635488557586425529e+00,-1,0,2.063388987410473205e-02,8.913939166649319290e+00
73,7000.73,-9.611434813771030372e-01,-1.907093387614825275e+00,-1,0,1.093595006764074701e-01,8.829780473089900994e+00
74,7000.74,-7.050893033490979178e-01,-1.646465954902460060e+00,-1,0,1.972017191364371924e-01,8.737288006352359915e+00
75,7000.75,-5.465623356172217839e-01,-1.482906643629411381e+00,-1,0,2.840780409805868656e-01,8.636629871373523670e+00
76,7000.76,-4.319066459530689905e-01,-1.362752947991189512e+00,-1,0,3.699076849769090125e-01,8.527982530564425900e+00
77,7000.77,-3.423594149856309388e-01,-1.267234441746562634e+00,-1,0,4.546116752651400694e-01,8.411530553358172568e+00
78,7000.78,-2.691265795733818189e-01,-1.187548357963158274e+00,-1,0,5.381129211375039745e-01,8.287466356874183759e+00
79,7000.79,-2.073728087070999260e-01,-1.118849490028996474e+00,-1,0,6.203362941831624955e-01,8.155989938040960396e+00
80,7000.8,-1.541527025088961500e-01,-1.058181303035889309e+00,-1,0,7.012087027126462369e-01,8.017308597529122949e+00
81,7000.81,-1.075385381729594414e-01,-1.003603577610643560e+00,-1,0,7.806591633821695631e-01,7.871636655855869691e+00
82,7000.82,-6.619957122419675710e-02,-9.537715924264680289e-01,-1,0,8.586188699413848102e-01,7.719195162030801249e+00
83,7000.83,-2.917851471542506903e-02,-9.077124654160543260e-01,-1,0,9.350212590318734973e-01,7.560211595121395511e+00
84,7000.84,4.236257899793815195e-03,-8.646971962656498922e-01,-1,0,1.009802072967498132e+00,7.394919559124351061e+00
85,7000.85,3.458812087799224139e-02,-8.241630716827805792e-01,-1,0,1.082899419431632371e+00,7.223558471536378534e+00
86,7000.86,6.230132354344150580e-02,-7.856643204672315584e-01,-1,0,1.154253828030263662e+00,7.046373246024910664e+00
87,7000.87,8.771339559582497225e-02,-7.488394538974121328e-01,-1,0,1.223808303643993289e+00,6.863613969605615317e+00
88,7000.88,1.110972272861462939e-01,-7.133888873681686338e-01,-1,0,1.291508376526065760e+00,6.675535574739438260e+00
89,7000.89,1.326765367379447447e-01,-6.790591221246109477e-01,-1,0,1.357302149097703525e+00,6.482397506767290984e+00
90,7000.9,1.526369671715966658e-01,-6.456312332324856129e-01,-1,0,1.421140339396238739e+00,6.284463387105298615e+00
91,7000.91,1.711342166506556184e-01,-6.129122471874711708e-01,-1,0,1.482976321135778930e+00,6.082000672627836835e+00
92,7000.92,1.883001043080447523e-01,-5.807284874709780498e-01,-1,0,1.542766160344434923e+00,5.875280311669345501e+00
93,7000.93,2.042471712032840336e-01,-5.489202672168628228e-01,-1,0,1.600468648546470307e+00,5.664576397079118308e+00
94,7000.94,2.190722209565104939e-01,-5.173374945698537841e-01,-1,0,1.656045332462082298e+00,5.450165816765969673e+00
95,7000.95,2.328590803473792881e-01,-4.858358724079615554e-01,-1,0,1.709460540201906520e+00,5.232327902171785006e+00
96,7000.96,2.456807773019729912e-01,-4.542734447966444433e-01,-1,0,1.760681403937738976e+00,5.011344075114555707e+00
97,7000.97,2.576012777380656815e-01,-4.225072818580704603e-01,-1,0,1.809677879035373582e+00,4.787497493442559815e+00
98,7000.98,2.686768842058476769e-01,-3.903901100247364475e-01,-1,0,1.856422759639880571e+00,4.561072695941785327e+00
99,7000.99,2.789573722742423878e-01,-3.577666886660141321e-01,-1,0,1.900891690708067072e+00,4.332355246938690563e+00
100,7001,2.884869214200414533e-01,-3.244697057547085706e-01,-1,0,1.943063176487281885e+00,4.101631381039733348e+00
101,7001.01,2.973048833337897934e-01,-2.903149093777085410e-01,-1,0,1.982918585444134907e+00,3.869187648447975025e+00
102,7001.02,3.054464204414378825e-01,-2.550950977235149630e-01,-1,0,2.020442151651095308e+00,3.635310561295351128e+00
103,7001.03,3.129430399611780600e-01,-2.185724382103819141e-01,-1,0,2.055620972643311006e+00,3.400286241426953460e+00
104,7001.04,3.198230432223884145e-01,-1.804683422354704248e-01,-1,0,2.088445003762337659e+00,3.164400070070890969e+00
105,7001.05,3.261119057488250372e-01,-1.404497241635810079e-01,-1,0,2.118907049007790366e+00,2.927936339823975498e+00
106,7001.06,3.318326003858689255e-01,-9.810980882636663458e-02,-1,0,2.147002748422207397e+00,2.691177909379630417e+00
107,7001.07,3.370058732717440275e-01,-5.294050614648537767e-02,-1,0,2.172730562038666768e+00,2.454405861420054347e+00
108,7001.08,3.416504805279863555e-01,-4.291316706760917900e-03,-1,0,2.196091750424883582e+00,2.217899164089773389e+00
109,7001.09,3.457833920388872495e-01,4.869413027735746552e-02,-1,0,2.217090351861669362e+00,1.981934336462322532e+00
110,7001.1,3.494199675030778551e-01,1.071804841746201720e-01,-1,0,2.235733156197717619e+00,1.746785118405896009e+00
111,7001.11,3.525741089986488275e-01,1.728149442718751316e-01,-1,0,2.252029675426708177e+00,1.512722145247392014e+00
112,7001.12,3.552583935506783974e-01,2.480441394638638331e-01,-1,0,2.265992111036678747e+00,1.280012627627406641e+00
113,7001.13,3.574841885848754619e-01,3.367418070101338978e-01,-1,0,2.277635318185516233e+00,1.048920036931356048e+00
114,7001.14,3.592617526613657852e-01,4.456048060207835060e-01,-1,0,2.286976766760208335e+00,8.197037966740777781e-01
115,7001.15,3.606003234840668425e-01,5.878247666755910261e-01,-1,0,2.294036499381255201e+00,5.926189802069705692e-01
116,7001.16,3.615081948547572144e-01,7.957595020993386559e-01,-1,0,2.298837086417266917e+00,3.679160151079919339e-01
117,7001.17,3.619927839722366647e-01,1.198114953237341629e+00,-1,0,2.301403578078344836e+00,1.458403946056633926e-01
118,7001.18,3.620606902544353245e-01,1.496556356146461653e+00,1,0,2.301763453660297998e+00,-7.336760362136490743e-02
119,7001.19,3.617177466759675108e-01,9.001093981875664118e-01,1,0,2.299946568015120096e+00,-2.894731909376462298e-01
120,7001.2,3.609690644582947416e-01,6.600514250064285493e-01,1,0,2.295985095326411596e+00,-5.022473332160256598e-01
121,7001.21,3.598190718186768944e-01,5.076643059666551272e-01,1,0,2.289913470271587759e+00,-7.114670079641337574e-01
122,7001.22,3.582715473728869671e-01,3.959422553992122396e-01,1,0,2.281768326655768675e+00,-9.169154528130962767e-01
123,7001.23,3.563296486915422112e-01,3.077393227617122862e-01,1,0,2.271588433605171709e+00,-1.118382405080781794e+00
124,7001.24,3.539959364278730258e-01,2.348508353694416240e-01,1,0,2.259414629410657849e+00,-1.315664332133770431e+00
125,7001.25,3.512723943633242474e-01,1.727084669728458088e-01,1,0,2.245289753114761311e+00,-1.508564652284407392e+00
126,7001.26,3.481604456545349668e-01,1.185057454220165563e-01,1,0,2.229258573938132315e+00,-1.696893945971794437e+00
127,7001.27,3.446609655092338631e-01,7.039451993806264407e-02,1,0,2.211367718643743263e+00,-1.880470156988367503e+00
128,7001.28,3.407742904679744722e-01,2.709289016259722530e-02,1,0,2.191665596939549321e+00,-2.059118783526761476e+00
129,7001.29,3.365002244221437788e-01,-1.232490745385771830e-02,1,0,2.170202325022464684e+00,-2.232673058835000557e+00
130,7001.3,3.318380414551955759e-01,-4.854943761675784702e-02,1,0,2.147029647368578598e+00,-2.400974121281614693e+00
131,7001.31,3.267864855525738910e-01,-8.210971392906309119e-02,1,0,2.122200856876448327e+00,-2.563871173646080415e+00
132,7001.32,3.213437671853608957e-01,-1.134201473992550863e-01,1,0,2.095770713472072000e+00,-2.721221631463995649e+00
133,7001.33,3.155075567324065466e-01,-1.428116314042753299e-01,1,0,2.067795361285800659e+00,-2.872891260270585168e+00
134,7001.34,3.092749746646652476e-01,-1.705527922831076848e-01,1,0,2.038332244512915281e+00,-3.018754301600512946e+00
135,7001.35,3.026425783727648700e-01,-1.968649203840509287e-01,1,0,2.007440022070964947e+00,-3.158693587616501652e+00
136,7001.36,2.956063454734722540e-01,-2.219327133542986497e-01,1,0,1.975178481168149869e+00,-3.292600644253916631e+00
137,7001.37,2.881616533816295234e-01,-2.459121694650772405e-01,1,0,1.941608449898094557e+00,-3.420375782783262597e+00
138,7001.38,2.803032548801068224e-01,-2.689364957986258853e-01,1,0,1.906791708977257471e+00,-3.541928179707404922e+00
139,7001.39,2.720252493599636945e-01,-2.911206051733458700e-01,1,0,1.870790902741987338e+00,-3.657175944925316724e+00
140,7001.4,2.633210493347177827e-01,-3.125645915650011042e-01,1,0,1.833669449522835615e+00,-3.766046178109136111e+00
141,7001.41,2.541833417544615004e-01,-3.333564543105802525e-01,1,0,1.795491451514197756e+00,-3.868475013256426731e+00
142,7001.42,2.446040435552406245e-01,-3.535742621087896165e-01,1,0,1.756321604257658375e+00,-3.964407651394590282e+00
143,7001.43,2.345742507738143856e-01,-3.732878941727019728e-01,1,0,1.716225105857570821e+00,-4.053798381429492892e+00
144,7001.44,2.240841804342232901e-01,-3.925604589178247061e-01,1,0,1.675267566047404566e+00,-4.136610589145440997e+00
145,7001.45,2.131231042662775355e-01,-4.114494646889709228e-01,1,0,1.633514915225252384e+00,-4.212816754378697404e+00
146,7001.46,2.016792731418769191e-01,-4.300077986630163052e-01,1,0,1.591033313576583952e+00,-4.282398436401712694e+00
147,7001.47,1.897398309064184663e-01,-4.482845568789307067e-01,1,0,1.547889060401893335e+00,-4.345346247570176068e+00
148,7001.48,1.772907160311484598e-01,-4.663257587952095995e-01,1,0,1.504148503766289391e+00,-4.401659815299844958e+00
149,7001.49,1.643165492076773537e-01,-4.841749728186073298e-01,1,0,1.459877950587334494e+00,-4.451347732454798312e+00
150,7001.5,1.508005046346092559e-01,-5.018738741804984471e-01,1,0,1.415143577276547937e+00,-4.494427496243412534e+00
151,7001.51,1.367241622911474497e-01,-5.194627528749594658e-01,1,0,1.370011341048956943e+00,-4.530925435732772399e+00
152,7001.52,1.220673379313948481e-01,-5.369809867854894447e-01,1,0,1.324546892013895860e+00,-4.560876628106544040e+00
153,7001.53,1.068078868369415763e-01,-5.544674933927146165e-01,1,0,1.278815486158933368e+00,-4.584324803805460924e+00
154,7001.54,9.092147649627072004e-02,-5.719611724300845967e-01,1,0,1.232881899337353593e+00,-4.601322240703463073e+00
155,7001.55,7.438132228735851170e-02,-5.895013514563897106e-01,1,0,1.186810342368005200e+00,-4.611929647486252115e+00
156,7001.56,5.715787885778165350e-02,-6.071282465122416205e-01,1,0,1.140664377354609016e+00,-4.616216036412494006e+00
157,7001.57,3.921847813484864026e-02,-6.248834508396868825e-01,1,0,1.094506835329738692e+00,-4.614258585651104028e+00
158,7001.58,2.052690263494982154e-02,-6.428104661369858919e-01,1,0,1.048399735326695170e+00,-4.606142491401019612e+00
159,7001.59,1.042879809654347501e-03,-6.609552931194760950e-01,1,0,1.002404204980361868e+00,-4.591960810012529315e+00
160,7001.6,-1.927852066472655196e-02,-6.793671014610398462e-01,1,0,9.565804027558792999e-01,-4.571814290341618126e+00
161,7001.61,-4.048760980024881245e-02,-6.980990037967927941e-01,1,0,9.109874419016036340e-01,-4.545811196580819669e+00
162,7001.62,-6.264095229127673858e-02,-7.172089648132842221e-01,1,0,8.656833162203123599e-01,-4.514067121821841333e+00
163,7001.63,-8.580242853393768576e-02,-7.367608851767727396e-01,1,0,8.207248277500212019e-01,-4.476704792616597928e+00
164,7001.64,-1.100445369692849562e-01,-7.568259120917737448e-01,1,0,7.761675164430446028e-01,-4.433853864814331303e+00
165,7001.65,-1.354500050936970346e-01,-7.774840450339547404e-01,1,0,7.320655919291081393e-01,-4.385650710963165722e+00
166,7001.66,-1.621138013226026964e-01,-7.988261287580846748e-01,1,0,6.884718674453825793e-01,-4.332238199574742765e+00
167,7001.67,-1.901456737438947109e-01,-8.209563592431233792e-01,1,0,6.454376960132752750e-01,-4.273765466560445425e+00
168,7001.68,-2.196733906445464124e-01,-8.439954767812022363e-01,1,0,6.030129089386793151e-01,-4.210387679157247653e+00
169,7001.69,-2.508469294536788685e-01,-8.680848918494811217e-01,1,0,5.612457567091582167e-01,-4.142265792670240643e+00
170,7001.7,-2.838439682665301889e-01,-8.933920965597215158e-01,1,0,5.201828523582252561e-01,-4.069566300367571721e+00
171,7001.71,-3.188771987864698620e-01,-9.201178787348444077e-01,1,0,4.798691173634823670e-01,-3.992460976871684331e+00
172,7001.72,-3.562042379704456474e-01,-9.485061136205628074e-01,1,0,4.403477301419030931e-01,-3.911126615398533790e+00
173,7001.73,-3.961413326011947733e-01,-9.788573245948595236e-01,1,0,4.016600772019906507e-01,-3.825744759203702827e+00
174,7001.74,-4.390827449237481028e-01,-1.011547897446405164e+00,1,0,3.638457070089189949e-01,-3.736501427601185643e+00
175,7001.75,-4.855289042716268710e-01,-1.047058028715336597e+00,1,0,3.269422866150748508e-01,-3.643586836926933969e+00
176,7001.76,-5.361285604578854835e-01,-1.086013638365939116e+00,1,0,2.909855611046683332e-01,-3.547195116825128114e+00
177,7001.77,-5.917442309023454028e-01,-1.129251531911259931e+00,1,0,2.560093158972712168e-01,-3.447524022240492148e+00
178,7001.78,-6.535583329882602710e-01,-1.177925194928292729e+00,1,0,2.220453419512875282e-01,-3.344774641504852930e+00
179,7001.79,-7.232547241553477502e-01,-1.233685931739785469e+00,1,0,1.891234039044521753e-01,-3.239151100910495185e+00
180,7001.8,-8.033507685907664841e-01,-1.299014453586495144e+00,1,0,1.572712111845125382e-01,-3.130860266166737294e+00
181,7001.81,-8.978600668798973894e-01,-1.377883035459229299e+00,1,0,1.265143921192634080e-01,-3.020111441139493813e+00
182,7001.82,-1.013781689665417929e+00,-1.477244060640719336e+00,1,0,9.687647107109505218e-02,-2.907116064276412004e+00
183,7001.83,-1.165078216253916832e+00,-1.611007225512944840e+00,1,0,6.837884861717576090e-02,-2.792087403122500255e+00
184,7001.84,-1.386784343127226204e+00,-1.814147132626849235e+00,1,0,4.104078479233165544e-02,-2.675240247332933752e+00
185,7001.85,-1.827415006934940411e+00,-2.235110167995401298e+00,1,0,1.487938540761306154e-02,-2.556790600591007045e+00
186,7001.86,-1.996091249430187897e+00,-2.382938825417897366e+00,-1,0,1.009040854654700073e-02,2.436955371839929274e+00
187,7001.87,-1.470366555119555940e+00,-1.835096121580815254e+00,-1,0,3.385582840776552027e-02,2.315952066237391804e+00
188,7001.88,-1.248672523703206361e+00,-1.589908845319230934e+00,-1,0,5.640628225900447962e-02,2.193998476241511231e+00
189,7001.89,-1.109392580547035934e+00,-1.425638180040487812e+00,-1,0,7.773335625908169011e-02,2.071312373235929982e+00
190,7001.9,-1.009524337828414664e+00,-1.299138081034095116e+00,-1,0,9.783081289382267176e-02,1.948111200100504092e+00
191,7001.91,-9.329492918180947170e-01,-1.194119762694158648e+00,-1,0,1.166945861593337158e-01,1.824611765132122976e+00
192,7001.92,-8.718503488303381843e-01,-1.102562305988607605e+00,-1,0,1.343227736929107907e-01,1.701029937717822405e+00
193,7001.93,-8.218417186356455906e-01,-1.019833205730962256e+00,-1,0,1.507156258711057906e-01,1.577580346159443980e+00
194,7001.94,-7.802176715114381711e-01,-9.429242542562944474e-01,-1,0,1.658755318984481419e-01,1.454476078045678911e+00
195,7001.95,-7.451933978764617716e-01,-8.696742717652581334e-01,-1,0,1.798070029142583015e-01,1.331928383563411256e+00
196,7001.96,-7.155316992796686426e-01,-7.983696060496163760e-01,-1,0,1.925166521488879678e-01,1.210146382135861121e+00
197,7001.97,-6.903417913304330522e-01,-7.275039557006964808e-01,-1,0,2.040131721645718210e-01,1.089336772770108652e+00
198,7001.98,-6.689630165469454548e-01,-6.556020013984332762e-01,-1,0,2.143073092198755913e-01,9.697035484911862291e-01
199,7001.99,-6.508938247190673154e-01,-5.810518091580139100e-01,-1,0,2.234118348004672794e-01,8.514477152340419464e-01
200,7002,-6.357464258510360233e-01,-5.018960779995957910e-01,-1,0,2.313415143626210146e-01,7.347670155583282403e-01
201,7002.01,-6.232167594740403160e-01,-4.155073289233928713e-01,-1,0,2.381130733394780374e-01,6.198556575441557248e-01
202,7002.02,-6.130639984183626767e-01,-3.179897588600346103e-01,-1,0,2.437451604636352298e-01,5.069040492196844605e-01
203,7002.03,-6.050962080519259878e-01,-2.028994484249175001e-01,-1,0,2.482583084631017345e-01,3.960985388637099924e-01
204,7002.04,-5.991601087534856873e-01,-5.798094454122137975e-02,-1,0,2.516748921910560433e-01,2.876211615182577286e-01
205,7002.05,-5.951336539529717973e-01,1.456323973861198551e-01,-1,0,2.540190842531426796e-01,1.816493920376263116e-01
206,7002.06,-5.929205934687308277e-01,5.130076755604798810e-01,-1,0,2.553168081992683858e-01,7.835590499134009734e-02
207,7002.07,-5.924464748771015588e-01,1.063325208487427842e+00,1,0,2.555956893499848337e-01,-2.209165827091447501e-02
208,7002.08,-5.936557163642948165e-01,3.288640392858792061e-01,1,0,2.548850033305778418e-01,-1.195309150940628701e-01
209,7002.09,-5.965095035993868144e-01,7.347272187344945638e-02,1,0,2.532156223889153734e-01,-2.138049592439696667e-01
210,7002.1,-6.009843444013094338e-01,-8.494597249961149954e-02,1,0,2.506199595759354137e-01,-3.047625706076697583e-01
211,7002.11,-6.070711727681852299e-01,-2.006434436862550297e-01,1,0,2.471319108703790568e-01,-3.922584166007124229e-01
212,7002.12,-6.147749373266058193e-01,-2.925216857577193075e-01,1,0,2.427867953319834404e-01,-4.761532450260192451e-01
213,7002.13,-6.241146445886800453e-01,-3.694346871618884309e-01,1,0,2.376212933698509666e-01,-5.563140681401677057e-01
214,7002.14,-6.351238591181769255e-01,-4.362628897443326936e-01,1,0,2.316733832150913719e-01,-6.326143376948311081e-01
215,7002.15,-6.478516946603003479e-01,-4.960002206130306179e-01,1,0,2.249822756890957343e-01,-7.049341107332099954e-01
216,7002.16,-6.623643663835477868e-01,-5.506338594532467212e-01,1,0,2.175883473609425967e-01,-7.731602059336726285e-01
217,7002.17,-6.787474193048127491e-01,-6.015695581839025641e-01,1,0,2.095330721894497761e-01,-8.371863503054584044e-01
218,7002.18,-6.971088081553068472e-01,-6.498592799859282954e-01,1,0,2.008589517472738339e-01,-8.969133160541815641e-01
219,7002.19,-7.175830890423320341e-01,-6.963336359428714539e-01,1,0,1.916094441262158610e-01,-9.522490474479746725e-01
220,7002.2,-7.403371085937781038e-01,-7.416851392401334619e-01,1,0,1.818288916245175135e-01,-1.003108777528425755e+00
221,7002.21,-7.655777672283389235e-01,-7.865250904724484515e-01,1,0,1.715624473184224896e-01,-1.049415134523969728e+00
222,7002.22,-7.935627334051278403e-01,-8.314265877788464820e-01,1,0,1.608560006216337435e-01,-1.091098237837068385e+00
223,7002.23,-8.246154728865539019e-01,-8.769614488417417641e-01,1,0,1.497561019375140690e-01,-1.128095783490350668e+00
224,7002.24,-8.591467750370475054e-01,-9.237369489759044150e-01,1,0,1.383098865099566810e-01,-1.160353118930856908e+00
225,7002.25,-8.976863848382263811e-01,-9.724382274563234674e-01,1,0,1.265649975797902282e-01,-1.187823307105620119e+00
226,7002.26,-9.409309482918525314e-01,-1.023883966891763864e+00,1,0,1.145695089543796591e-01,-1.210467179736016696e+00
227,7002.27,-9.898194606523376127e-01,-1.079107428490497789e+00,1,0,1.023718470987384499e-01,-1.228253379732591188e+00
228,7002.28,-1.045657552288155490e+00,-1.139484760611107150e+00,1,0,9.002071285697950398e-02,-1.241158392706411595e+00
229,7002.29,-1.110334186860386652e+00,-1.206954539200503662e+00,1,0,7.756500291329887498e-02,-1.249166567547393747e+00
230,7002.3,-1.186727789794139731e+00,-1.284425810043218430e+00,1,0,6.505373110191049746e-02,-1.252270126054459531e+00
231,7002.31,-1.279543412734126306e+00,-1.376616398600897684e+00,1,0,5.253594967542925265e-02,-1.250469161616824421e+00
232,7002.32,-1.397281784615433509e+00,-1.492022430037783565e+00,1,0,4.006067064113414539e-02,-1.243771626960121557e+00
233,7002.33,-1.557884324258867137e+00,-1.648563171136335326e+00,1,0,2.767678727433516353e-02,-1.232193310985479462e+00
234,7002.34,-1.811549758691582301e+00,-1.896396824960894456e+00,1,0,1.543299591771345007e-02,-1.215757804744006298e+00
235,7002.35,-2.471376589265991353e+00,-2.548561455047274382e+00,1,0,3.377718175009240213e-03,-1.194496456603427958e+00
236,7002.36,-2.073607314315580208e+00,-2.141216821563265427e+00,-1,0,8.440976393207167555e-03,1.168448316677826782e+00
237,7002.37,-1.699503494259663183e+00,-1.755516009821637802e+00,-1,0,1.997544696472583828e-02,1.137660070605536422e+00
238,7002.38,-1.506143982545470772e+00,-1.548398858180200621e+00,-1,0,3.117855743581421715e-02,1.102185962774226979e+00
239,7002.39,-1.376711918690475711e+00,-1.402872301733384841e+00,-1,0,4.200375158128559494e-02,1.062087709106072753e+00
240,7002.4,-1.280626219788404407e+00,-1.288132636859367297e+00,-1,0,5.240512729074144754e-02,1.017434399529585143e+00
241,7002.41,-1.205250550648179653e+00,-1.191261554569351899e+00,-1,0,6.233750977854358305e-02,9.683023902782167402e-01
242,7002.42,-1.144138609387169492e+00,-1.105452984980872300e+00,-1,0,7.175652366654011738e-02,9.147751861691897357e-01
243,7002.43,-1.093564404045162197e+00,-1.026516498252020071e+00,-1,0,8.061866384016941334e-02,8.569433130291151945e-01
244,7002.44,-1.051189284413061475e+00,-9.515040653819560879e-01,-1,0,8.888136498029679256e-02,7.949041804458950589e-01
245,7002.45,-1.015458871923469619e+00,-8.780445522519941814e-01,-1,0,9.650306967499705513e-02,7.287619350390572848e-01
246,7002.46,-9.852976541648067466e-01,-8.039373852894141637e-01,-1,0,1.034432950174797722e-01,6.586273044530919218e-01
247,7002.47,-9.599410750883545784e-01,-7.268128362204423487e-01,-1,0,1.096626975984609925e-01,5.846174322905026699e-01
248,7002.48,-9.388373855247507116e-01,-6.437217239835223426e-01,-1,0,1.151231368035114527e-01,5.068557042131397461e-01
249,7002.49,-9.215876420267835600e-01,-5.504581832277585240e-01,-1,0,1.197877363282554009e-01,4.254715654519404811e-01
250,7002.5,-9.079079449604584573e-01,-4.401530093353610007e-01,-1,0,1.236209438267515393e-01,3.406003299764405745e-01
251,7002.51,-8.976054422385841836e-01,-2.996655089266322403e-01,-1,0,1.265885886109563707e-01,2.523829815863281589e-01
252,7002.52,-8.905634156040889149e-01,-9.729747908600178130e-02,-1,0,1.286579373218456612e-01,1.609659671978772577e-01
253,7002.53,-8.867328441977548881e-01,2.904390933831881294e-01,-1,0,1.297977474955500643e-01,6.650098260830233921e-02
254,7002.54,-8.861290841956790398e-01,6.245418607445580861e-01,1,0,1.299783189507398851e-01,-3.085524896908886650e-02
255,7002.55,-8.888331528366681944e-01,-5.909487064775449487e-03,1,0,1.291715429264715109e-01,-1.309412052966164863e-01
256,7002.56,-8.949978147231052450e-01,-2.634535489852135037e-01,1,0,1.273509489027760122e-01,-2.335908001194401118e-01
257,7002.57,-9.048594314227935698e-01,-4.345895104053666413e-01,1,0,1.244917490394278209e-01,-3.386336244682291996e-01
258,7002.58,-9.187575687120679291e-01,-5.679903600539381037e-01,1,0,1.205708801715743433e-01,-4.458951939290313193e-01
259,7002.59,-9.371659976780808421e-01,-6.816132660813961630e-01,1,0,1.155670433042276374e-01,-5.551972015442756536e-01
260,7002.6,-9.607416179865618799e-01,-7.844490880321547399e-01,1,0,1.094607405510184678e-01,-6.663577760014877116e-01
261,7002.61,-9.904033320755294412e-01,-8.820476747853578381e-01,1,0,1.022343094660818075e-01,-7.791917447593765811e-01
262,7002.62,-1.027464138606787758e+00,-9.785639943213535474e-01,1,0,9.387195472147837061e-02,-8.935109017544993204e-01
263,7002.63,-1.073864576518850589e+00,-1.077809231855510141e+00,1,0,8.435977708615620407e-02,-1.009124279325716245e+00
264,7002.64,-1.132616198991137413e+00,-1.184092265700515068e+00,1,0,7.368579966611088494e-02,-1.125838423988130499e+00
265,7002.65,-1.208730579703362729e+00,-1.303361587218386353e+00,1,0,6.183999136911276506e-02,-1.243457675683168118e+00
266,7002.66,-1.311453044784396837e+00,-1.445561415555904450e+00,1,0,4.881428756112540096e-02,-1.361784450126900303e+00
267,7002.67,-1.460891168619607772e+00,-1.631334640435426975e+00,1,0,3.460260788533950360e-02,-1.480619523874653565e+00
268,7002.68,-1.716679065211053290e+00,-1.920734529095360799e+00,1,0,1.920087121858434637e-02,-1.599762321716384772e+00
269,7002.69,-2.583857678819136972e+00,-2.819136386625611834e+00,1,0,2.607007743749487072e-03,-1.719011206014243509e+00
270,7002.7,-1.818755926919253918e+00,-2.083140128307090500e+00,-1,0,1.517903187925119697e-02,1.838163767591183939e+00
271,7002.71,-1.466542273910350191e+00,-1.758136898303034545e+00,-1,0,3.415527025751936147e-02,1.957017117777446913e+00
272,7002.72,-1.265058628403511687e+00,-1.582153782409678744e+00,-1,0,5.431769993382205147e-02,2.075368181220197172e+00
273,7002.73,-1.121132038686765586e+00,-1.462173440702838390e+00,-1,0,7.566028298550510345e-02,2.193013989060581093e+00
274,7002.74,-1.007999295513660298e+00,-1.371564642098685116e+00,-1,0,9.817495355536330626e-02,2.309751972081962368e+00
275,7002.75,-9.141686807522657610e-01,-1.298948518132400309e+00,-1,0,1.218516233121977321e-01,2.425380253433112365e+00
276,7002.76,-8.336344583350735471e-01,-1.238416525127625567e+00,-1,0,1.466781898348305802e-01,2.539697940530647458e+00
277,7002.77,-7.628571943383568588e-01,-1.186513473632272886e+00,-1,0,1.726405479093956474e-01,2.652505415746055917e+00
278,7002.78,-6.995727808085498989e-01,-1.141048691705839779e+00,-1,0,1.997226037257834319e-01,2.763604625484205268e+00
279,7002.79,-6.422436848077649474e-01,-1.100548981271882720e+00,-1,0,2.279062919551980981e-01,2.872799367262302006e+00
280,7002.8,-5.897770004354587758e-01,-1.063978045633823255e+00,-1,0,2.571715956868868558e-01,2.979895574400829528e+00
281,7002.81,-5.413673335384094898e-01,-1.030580491977168833e+00,-1,0,2.874965691982311888e-01,3.084701597941097884e+00
282,7002.82,-4.964035491867075933e-01,-9.997894943673913959e-01,-1,0,3.188573635285543162e-01,3.187028485407608080e+00
283,7002.83,-4.544105542117820584e-01,-9.711693314810470046e-01,-1,0,3.512282548232007473e-01,3.286690256037516189e+00
284,7002.84,-4.150114129150532238e-01,-9.443781292512126724e-01,-1,0,3.845816754106892721e-01,3.383504172104070395e+00
285,7002.85,-3.779018241367839703e-01,-9.191428613822363314e-01,-1,0,4.188882475720340226e-01,3.477291005965938098e+00
286,7002.86,-3.428324120397472918e-01,-8.952420793830577761e-01,-1,0,4.541168199576756659e-01,3.567875302479897481e+00
287,7002.87,-3.095961229080558819e-01,-8.724936795751571106e-01,-1,0,4.902345066038680255e-01,3.655085636420367656e+00
288,7002.88,-2.780190556780852695e-01,-8.507460467855560982e-01,-1,0,5.272067284968325884e-01,3.738754864555750235e+00
289,7002.89,-2.479536601438418197e-01,-8.298715182220933739e-01,-1,0,5.649972576295287929e-01,3.818720372038471034e+00
290,7002.9,-2.192736041390672408e-01,-8.097614764906393425e-01,-1,0,6.035682634924899315e-01,3.894824312773017549e+00
291,7002.91,-1.918698404272138336e-01,-7.903226086534471673e-01,-1,0,6.428803619368608224e-01,3.966913843434074938e+00
292,7002.92,-1.656475511902253117e-01,-7.714740142086353725e-01,-1,0,6.828926663445320511e-01,4.034841350815131733e+00
293,7002.93,-1.405237446686563030e-01,-7.531449405909405037e-01,-1,0,7.235628410371121033e-01,4.098464672196590719e+00
294,7002.94,-1.164253433660734083e-01,-7.352729888957735271e-01,-1,0,7.648471568524176645e-01,4.157647308431500655e+00
295,7002.95,-9.328764759789176519e-02,-7.178026762788445314e-01,-1,0,8.067005488141862912e-01,4.212258629456508530e+00
296,7002.96,-7.105308904819405968e-02,-7.006842718598809139e-01,-1,0,8.490766758178431850e-01,4.262174071945481479e+00
297,7002.97,-4.967021084031958411e-02,-6.838728443794059864e-01,-1,0,8.919279822523790147e-01,4.307275328833491734e+00
298,7002.98,-2.909282630151258792e-02,-6.673274751763618173e-01,-1,0,9.352057614757237625e-01,4.347450530449430417e+00
299,7002.99,-9.279320001847810723e-03,-6.510106011494738443e-01,-1,0,9.788602210584405050e-01,4.382594417006473009e+00
300,7003,9.807936958319350695e-03,-6.348874604929948262e-01,-1,0,1.022840549708110780e+00,4.412608502210871642e+00
301,7003.01,2.820307918642550593e-02,-6.189256200112105422e-01,-1,0,1.067094985784444061e+00,4.437401227761123224e+00
302,7003.02,4.593716382958931005e-02,-6.030945673035535970e-01,-1,0,1.111570887312926192e+00,4.456888108521479097e+00
303,7003.03,6.303852549140377681e-02,-5.873653544831153317e-01,-1,0,1.156214803402719093e+00,4.470991868165885563e+00
304,7003.04,7.953307998025652137e-02,-5.717102826345858979e-01,-1,0,1.200972546972550958e+00,4.479642565100939500e+00
305,7003.05,9.544458551201913388e-02,-5.561026181384866041e-01,-1,0,1.245789268686478213e+00,4.482777708489094515e+00
306,7003.06,1.107948683331535233e-01,-5.405163334338579650e-01,-1,0,1.290609531999686865e+00,4.480342364206319594e+00
307,7003.07,1.256040184279392236e-01,-5.249258658665865163e-01,-1,0,1.335377389212899946e+00,4.472289250581559905e+00
308,7003.08,1.398905599424699331e-01,-5.093058890503353586e-01,-1,0,1.380036458432502888e+00,4.458578823778715616e+00
309,7003.09,1.536716001362593287e-01,-4.936310917042473490e-01,-1,0,1.424530001332171558e+00,4.439179352695408198e+00
310,7003.1,1.669629600130824731e-01,-4.778759592616499408e-01,-1,0,1.468801001610600121e+00,4.414066983266532240e+00
311,7003.11,1.797792892506835660e-01,-4.620145536885317816e-01,-1,0,1.512792244038872358e+00,4.383225792074466831e+00
312,7003.12,1.921341676171874624e-01,-4.460202869194552777e-01,-1,0,1.556446393990113863e+00,4.346647829181829792e+00
313,7003.13,2.040401947096625312e-01,-4.298656831108454979e-01,-1,0,1.599706077343284294e+00,4.304333150116813833e+00
314,7003.14,2.155090695612024987e-01,-4.135221245153737346e-01,-1,0,1.642513960652351557e+00,4.256289836955341244e+00
315,7003.15,2.265516614245579041e-01,-3.969595751726514021e-01,-1,0,1.684812831471589334e+00,4.202534008458624015e+00
316,7003.16,2.371780728429175311e-01,-3.801462757527612757e-01,-1,0,1.726545678727410271e+00,4.143089819239082594e+00
317,7003.17,2.473976959541339393e-01,-3.630484017247455064e-01,-1,0,1.767655773026941546e+00,4.077989447941980039e+00
318,7003.18,2.572192628373464185e-01,-3.456296754734559107e-01,-1,0,1.808086746793497124e+00,4.007273074444626104e+00
319,7003.19,2.666508905956577746e-01,-3.278509209454461004e-01,-1,0,1.847782674119190283e+00,3.930988846089414679e+00
320,7003.2,2.757001217713235808e-01,-3.096695467153207648e-01,-1,0,1.886688150225169558e+00,3.849192832981437995e+00
321,7003.21,2.843739606076360338e-01,-2.910389398153344076e-01,-1,0,1.924748370420334975e+00,3.761948972395841029e+00
322,7003.22,2.926789056017534141e-01,-2.719077479642743045e-01,-1,0,1.961909208449918340e+00,3.669329002354426272e+00
323,7003.23,3.006209787330511585e-01,-2.522190215433727789e-01,-1,0,1.998117294125978605e+00,3.571412384445362687e+00
324,7003.24,3.082057517004318514e-01,-2.319091781905580907e-01,-1,0,2.033320090132668678e+00,3.468286215974038633e+00
325,7003.25,3.154383694580338848e-01,-2.109067413396363277e-01,-1,0,2.067465967900089296e+00,3.360045131547251707e+00
326,7003.26,3.223235713007531200e-01,-1.891307881230146759e-01,-1,0,2.100504282441628234e+00,3.246791194206902098e+00
327,7003.27,3.288657097179865096e-01,-1.664890198503479468e-01,-1,0,2.132385446050919064e+00,3.128633776243230802e+00
328,7003.28,3.350687672052172217e-01,-1.428753368305702709e-01,-1,0,2.163061000755924113e+00,3.005689429831345461e+00
329,7003.29,3.409363711978204425e-01,-1.181667540693276813e-01,-1,0,2.192483689429150839e+00,2.878081747648306710e+00
330,7003.3,3.464718072692118400e-01,-9.221942815721903552e-02,-1,0,2.220607525454643572e+00,2.745941213641381218e+00
331,7003.31,3.516780307157195695e-01,-6.486346685047972294e-02,-1,0,2.247387860854177521e+00,2.609405044131209994e+00
332,7003.32,3.565576766329172642e-01,-3.589604220047554195e-02,-1,0,2.272781452776968525e+00,2.468617019446525784e+00
333,7003.33,3.611130685722765410e-01,-5.072092874951181218e-03,-1,0,2.296746528259260067e+00,2.323727306299734785e+00
334,7003.34,3.653462258525695394e-01,2.790847592496250792e-02,-1,0,2.319242847162284349e+00,2.174892271125067555e+00
335,7003.35,3.692588695872222049e-01,6.341881021387191231e-02,-1,0,2.340231763199390080e+00,2.022274284613128525e+00
336,7003.36,3.728524274765490087e-01,1.019311253104363130e-01,-1,0,2.359676282965516236e+00,1.866041517687529128e+00
337,7003.37,3.761280374022822892e-01,1.440554082586315565e-01,-1,0,2.377541122884706315e+00,1.706367729180795934e+00
338,7003.38,3.790865498508597109e-01,1.905990368125397572e-01,-1,0,2.393792763993997319e+00,1.543432045477974857e+00
339,7003.39,3.817285291813624082e-01,2.426625442406667443e-01,-1,0,2.408399504484736831e+00,1.377418732407214241e+00
340,7003.4,3.840542537436550385e-01,3.018015043055934932e-01,-1,0,2.421331509925249037e+00,1.208516959667142787e+00
341,7003.41,3.860637148419864273e-01,3.703182299132125599e-01,-1,0,2.432560861091701110e+00,1.036920558091010580e+00
342,7003.42,3.877566145289197963e-01,4.518325001329648871e-01,-1,0,2.442061599337082001e+00,8.628277700573553366e-01
343,7003.43,3.891323622038019847e-01,5.525291510851902954e-01,-1,0,2.449809769431347206e+00,6.864409933663396801e-01
344,7003.44,3.901900699788833360e-01,6.843549819702909875e-01,-1,0,2.455783459809018687e+00,5.079665189099085154e-01
345,7003.45,3.909285467644860179e-01,8.755657465385324745e-01,-1,0,2.459962840163854914e+00,3.276142624724863173e-01
346,7003.46,3.913462910120855121e-01,1.228192399902952481e+00,-1,0,2.462330196333614385e+00,1.455974910070908235e-01
347,7003.47,3.914414820406066919e-01,1.813175349592462737e+00,1,0,2.462869962421422976e+00,-3.786745626054149882e-02
348,7003.48,3.912119698563920056e-01,1.043762024741955452e+00,1,0,2.461568750103820147e+00,-2.225614515399539084e-01
349,7003.49,3.906552633609030600e-01,7.797153827063938447e-01,1,0,2.458415375079187726e+00,-4.082628666294093045e-01
350,7003.5,3.897685168219446328e-01,6.154356250177708265e-01,1,0,2.453400880613971324e+00,-5.947478651417397177e-01
351,7003.51,3.885485144636821042e-01,4.954580154783430057e-01,1,0,2.446518558147855682e+00,-7.817906984236956403e-01
352,7003.52,3.869916530075301897e-01,4.005943771476823678e-01,1,0,2.437763964922880167e+00,-9.691640047844884975e-01
353,7003.53,3.850939219696028482e-01,3.218960481260878526e-01,1,0,2.427134938605339798e+00,-1.156639111644314655e+00
354,7003.54,3.828508814902381596e-01,2.544560267619410676e-01,1,0,2.414631608873242019e+00,-1.343986340209234465e+00
355,7003.55,3.802576374364090572e-01,1.952894498924528932e-01,1,0,2.400256405946037397e+00,-1.530975312274870381e+00
356,7003.56,3.773088134777528024e-01,1.424436115019137583e-01,1,0,2.384014066037337898e+00,-1.717375258757988243e+00
357,7003.57,3.739985197904400205e-01,9.456992612071582482e-02,1,0,2.365911633715362061e+00,-1.902955329552128205e+00
358,7003.58,3.703203179889067997e-01,5.069697443324152480e-02,1,0,2.345958461159892927e+00,-2.087484904301079247e+00
359,7003.59,3.662671818220523123e-01,1.010093748934452924e-02,1,0,2.324166204308617090e+00,-2.270733903682140120e+00
360,7003.6,3.618314530959815256e-01,-2.777279955431683975e-02,1,0,2.300548815889781107e+00,-2.452473100789763549e+00
361,7003.61,3.570047921974627281e-01,-6.335936961474294971e-02,1,0,2.275122535342223973e+00,-2.632474432209387150e+00
362,7003.62,3.517781224881229574e-01,-9.700721457126444680e-02,1,0,2.247905875627925987e+00,-2.810511308370957639e+00
363,7003.63,3.461415677155300075e-01,-1.290004355434019867e-01,1,0,2.218919606946338163e+00,-2.986358922771911395e+00
364,7003.64,3.400843814393332276e-01,-1.595744655757914965e-01,1,0,2.188186737363837508e+00,-3.159794559660133118e+00
365,7003.65,3.335948672931069448e-01,-1.889273365620902645e-01,1,0,2.155732490375755983e+00,-3.330597899768730219e+00
366,7003.66,3.266602886885944801e-01,-2.172279606999348855e-01,1,0,2.121584279422495722e+00,-3.498551323696265758e+00
367,7003.67,3.192667663100253739e-01,-2.446223419218011841e-01,1,0,2.085771679385300725e+00,-3.663440212528456197e+00
368,7003.68,3.113991614310399059e-01,-2.712383235433336592e-01,1,0,2.048326395091275121e+00,-3.825053245300204185e+00
369,7003.69,3.030409427014213453e-01,-2.971892835419158718e-01,1,0,2.009282226861238474e+00,-3.983182692900225863e+00
370,7003.7,2.941740335771574899e-01,-3.225770630412185813e-01,1,0,1.968675033137965880e+00,-4.137624708024434383e+00
371,7003.71,2.847786369818398611e-01,-3.474943305472720789e-01,1,0,1.926542690236273669e+00,-4.288179610788658280e+00
372,7003.72,2.748330330594095927e-01,-3.720265287091538697e-01,1,0,1.882925049260286476e+00,-4.434652169616194683e+00
373,7003.73,2.643133449675013624e-01,-3.962535123946195337e-01,1,0,1.837863890237035447e+00,-4.576851877021103299e+00
374,7003.74,2.531932665137996419e-01,-4.202509607890806409e-01,1,0,1.791402873519303940e+00,-4.714593219914078759e+00
375,7003.75,2.414437439837043842e-01,-4.440916283221629790e-01,1,0,1.743587488514330097e+00,-4.847695944064120077e+00
376,7003.76,2.290326026503455570e-01,-4.678464871248386725e-01,1,0,1.694464999798619198e+00,-4.975985312356108636e+00
377,7003.77,2.159241060672683066e-01,-4.915858059141892666e-01,1,0,1.644084390682670982e+00,-5.099292356491736733e+00
378,7003.78,2.020784331411063783e-01,-5.153802057671657000e-01,1,0,1.592496304292920994e+00,-5.217454121789056209e+00
379,7003.79,1.874510539182041025e-01,-5.393017316719652676e-01,1,0,1.539752982241598733e+00,-5.330313904744167885e+00
380,7003.8,1.719919796475433693e-01,-5.634249798595422076e-01,1,0,1.485908200958528935e+00,-5.437721483027282865e+00
381,7003.81,1.556448555086428764e-01,-5.878283248436121378e-01,1,0,1.431017205762129985e+00,-5.539533337594519047e+00
382,7003.82,1.383458547072674572e-01,-6.125952972830579490e-01,1,0,1.375136642750009353e+00,-5.635612866606355631e+00
383,7003.83,1.200223194086089684e-01,-6.378161750723190249e-01,1,0,1.318324488592590660e+00,-5.725830590853647983e+00
384,7003.84,1.005910756650469223e-01,-6.635898668578003035e-01,1,0,1.260639978316150378e+00,-5.810064350402438293e+00
385,7003.85,7.995632379925128597e-02,-6.900261916750805025e-01,1,0,1.202143531164476364e+00,-5.888199492179589711e+00
386,7003.86,5.800696909524945960e-02,-7.172486940558032709e-01,1,0,1.142896674631080911e+00,-5.960129048232352567e+00
387,7003.87,3.461320462364365219e-02,-7.453981862150649285e-01,1,0,1.082961966756519123e+00,-6.025753904406468742e+00
388,7003.88,9.622079804018222188e-03,-7.746372865359200111e-01,1,0,1.022402916787852778e+00,-6.084982959199249919e+00
389,7003.89,-1.714832943696712256e-02,-8.051563408097386354e-01,1,0,9.612839042996778049e-01,-6.137733272556194386e+00
390,7003.9,-4.591671430633074286e-02,-8.371812935318655446e-01,1,0,8.996700968783855057e-01,-6.183930204392185104e+00
391,7003.91,-7.694914208105695097e-02,-8.709843623127949686e-01,1,0,8.376273664734539270e-01,-6.223507542631088185e+00
392,7003.92,-1.105737963764338028e-01,-9.068988327193860943e-01,1,0,7.752222045215613200e-01,-6.256407620570581862e+00
393,7003.93,-1.472019436260563474e-01,-9.453400694622374756e-01,1,0,7.125216359511794550e-01,-6.282581423392408659e+00
394,7003.94,-1.873585753207338556e-01,-9.868361943059681396e-01,1,0,6.495931321770365141e-01,-6.301988683651759793e+00
395,7003.95,-2.317286342027711776e-01,-1.032074339548207709e+00,1,0,5.865045231954318927e-01,-6.314597965593341300e+00
396,7003.96,-2.812294233665244003e-01,-1.081973076507807496e+00,1,0,5.233239088928380855e-01,-6.320386738155648665e+00
397,7003.97,-3.371292950465140104e-01,-1.137801116148579705e+00,1,0,4.601195696815446601e-01,-6.319341436539226642e+00
398,7003.98,-4.012533881026563165e-01,-1.201383051059033757e+00,1,0,3.969598765772617832e-01,-6.311457512229051048e+00
399,7003.99,-4.763664113250493104e-01,-1.275482135993703636e+00,1,0,3.339132008346328284e-01,-6.296739471375757624e+00
400,7004,-5.669540761201870005e-01,-1.364581710495842648e+00,1,0,2.710478232574828894e-01,-6.275200901455133540e+00
401,7004.01,-6.810359307006436103e-01,-1.476698015554954280e+00,1,0,2.084318433013608862e-01,-6.246864486140109030e+00
402,7004.02,-8.352514380943655281e-01,-1.628466246315237287e+00,1,0,1.461330880865169268e-01,-6.211762008334450691e+00
403,7004.03,-1.074589809053546174e+00,-1.864870351474345878e+00,1,0,8.421902143989019873e-02,-6.169934341332366401e+00
404,7004.04,-1.642891611065021573e+00,-2.429744599979848374e+00,1,0,2.275665308496336442e-02,-6.121431428083337956e+00
405,7004.05,-1.418078182153942102e+00,-2.201002942948078189e+00,-1,0,3.818755190152807455e-02,6.066312248556649855e+00
406,7004.06,-1.006353228517784970e+00,-1.784840548878360078e+00,-1,0,9.854776324706404633e-02,6.004644775215281172e+00
407,7004.07,-8.006319254521923057e-01,-1.574162830431310889e+00,-1,0,1.582588751361911072e-01,5.936505916623996626e+00
408,7004.08,-6.630270308379270228e-01,-1.431071470578512139e+00,-1,0,2.172565952402862322e-01,5.861981449231698171e+00
409,7004.09,-5.599138149221417615e-01,-1.321929250074047157e+00,-1,0,2.754775330062389505e-01,5.781165937383252462e+00
410,7004.1,-4.777393213193905086e-01,-1.233169189004608590e+00,-1,0,3.328592870866862174e-01,5.694162641631135280e+00
411,7004.11,-4.096703822599643829e-01,-1.157942422808047267e+00,-1,0,3.893405317952121636e-01,5.601083415432302814e+00
412,7004.12,-3.517755662024739660e-01,-1.092299987664955507e+00,-1,0,4.448611024708549744e-01,5.502048590330689493e+00
413,7004.13,-3.015844400173742224e-01,-1.033751893547958156e+00,-1,0,4.993620796373410275e-01,5.397186849740585934e+00
414,7004.14,-2.574430652335912284e-01,-9.806223996155851719e-01,-1,0,5.527858718436926555e-01,5.286635091460957447e+00
415,7004.15,-2.181898595473120150e-01,-9.317256172368015843e-01,-1,0,6.050762970742308289e-01,5.170538279065342024e+00
416,7004.16,-1.829778959526183746e-01,-8.861875056930611505e-01,-1,0,6.561786626175114545e-01,5.049049282326468102e+00
417,7004.17,-1.511707901227883899e-01,-8.433414020909673070e-01,-1,0,7.060398432853983719e-01,4.922328706849014246e+00
418,7004.18,-1.222783889587534534e-01,-8.026632870168900480e-01,-1,0,7.546083578752801335e-01,4.790544713098024765e+00
419,7004.19,-9.591529203894808009e-02,-7.637298033178121504e-01,-1,0,8.018344437703824878e-01,4.653872825024405024e+00
420,7004.2,-7.177312035716550132e-02,-7.261899241709018904e-01,-1,0,8.476701295752120391e-01,4.512495728502549319e+00
421,7004.21,-4.960140357512839854e-02,-6.897451183336744673e-01,-1,0,8.920693056853832292e-01,4.366603059808609189e+00
422,7004.22,-2.919405928843394477e-02,-6.541349559276800063e-01,-1,0,9.349877926934326844e-01,4.216391184381024004e+00
423,7004.23,-1.037960950612654837e-02,-6.191262606343850283e-01,-1,0,9.763834075347046504e-01,4.062062966117816032e+00
424,7004.24,6.986040116075116317e-03,-5.845045820140020165e-01,-1,0,1.016216027280002487e+00,3.903827527477749193e+00
425,7004.25,2.302502345901225739e-02,-5.500671536815079365e-01,-1,0,1.054447650484428012e+00,3.741900000664668990e+00
426,7004.26,3.784165072565327109e-02,-5.156167328935238325e-01,-1,0,1.091042456004690075e+00,3.576501270186316361e+00
427,7004.27,5.152560803014023805e-02,-4.809558447559673100e-01,-1,0,1.125966859200131287e+00,3.407857707090462984e+00
428,7004.28,6.415446313423005253e-02,-4.458810105493336007e-01,-1,0,1.159189565435804870e+00,3.236200895192459903e+00
429,7004.29,7.579564997117947678e-02,-4.101765374964615463e-01,-1,0,1.190681620809135977e+00,3.061767349619146206e+00
430,7004.3,8.650805643498805930e-02,-3.736073861768066662e-01,-1,0,1.220416460024995375e+00,2.884798228004528564e+00
431,7004.31,9.634330651599702644e-02,-3.359104976646365981e-01,-1,0,1.248369951347425344e+00,2.705539034682699295e+00
432,7004.32,1.053468043267047211e-01,-2.967837228147243711e-01,-1,0,1.274520438559755720e+00,2.524239318233134188e+00
433,7004.33,1.135585907253525706e-01,-2.558710878773678421e-01,-1,0,1.298848779868450043e+00,2.341152362742710658e+00
434,7004.34,1.210140510363447303e-01,-2.127424344446739723e-01,-1,0,1.321338383689706131e+00,2.156534873157581522e+00
435,7004.35,1.277445034017882786e-01,-1.668642571058118751e-01,-1,0,1.341975241261611274e+00,1.970646655106378597e+00
436,7004.36,1.337776906384164077e-01,-1.175563659901076585e-01,-1,0,1.360747956028504957e+00,1.783750289584079773e+00
437,7004.37,1.391381934724769676e-01,-6.392484355150340747e-02,-1,0,1.377647769748133744e+00,1.596110802893277558e+00
438,7004.38,1.438477792307203684e-01,-4.753435814757235069e-03,-1,0,1.392668585276183757e+00,1.407995332246502640e+00
439,7004.39,1.479256971595803716e-01,6.168236293545456550e-02,-1,0,1.405806985986851165e+00,1.219672787439680217e+00
440,7004.4,1.513889292989815394e-01,1.379561139877800990e-01,-1,0,1.417062251792229111e+00,1.031413509012715890e+00
441,7004.41,1.542524040870684177e-01,2.281730202718041944e-01,-1,0,1.426436371727494601e+00,8.434889233186277924e-01
442,7004.42,1.565291784970326838e-01,3.395120169983630309e-01,-1,0,1.433934053073100401e+00,6.561711949275357281e-01
443,7004.43,1.582305934182486884e-01,4.863796357227788136e-01,-1,0,1.439562726989475738e+00,4.697328767961964080e-01
444,7004.44,1.593664061248864505e-01,7.053657222792617532e-01,-1,0,1.443332550644058632e+00,2.844465586376144217e-01
445,7004.45,1.599449029763176655e-01,1.157413781432077515e+00,-1,0,1.445256405814848044e+00,1.005845139285756196e-01
446,7004.46,1.599729949272484519e-01,1.248380488875659111e+00,1,0,1.445349893959055221e+00,-8.158165400428561698e-02
447,7004.47,1.594562979627841548e-01,7.415175677710915680e-01,1,0,1.443631327739853587e+00,-2.617813663770429122e-01
448,7004.48,1.583992001923325565e-01,5.151978719338181634e-01,1,0,1.440121719008661705e+00,-4.397454233751397767e-01
449,7004.49,1.568049170191091191e-01,3.677841017614481012e-01,1,0,1.434844763244844001e+00,-6.152063581685083271e-01
450,7004.5,1.546755355354656747e-01,2.582051019768558664e-01,1,0,1.427826820459179524e+00,-7.878987900689226054e-01
451,7004.51,1.520120490675685443e-01,1.708461544236564711e-01,1,0,1.419096892571903412e+00,-9.575597763833425535e-01
452,7004.52,1.488143825974958534e-01,9.807544262531750490e-02,1,0,1.408686597280593533e+00,-1.123929162517537828e+00
453,7004.53,1.450814096195946756e-01,3.558725636196568426e-02,1,0,1.396630138437623403e+00,-1.286749929885373955e+00
454,7004.54,1.408109608351512942e-01,-1.928780976238604616e-02,1,0,1.382964272961337837e+00,-1.445768541180785016e+00
455,7004.55,1.359998249502041012e-01,-6.831969258813727630e-02,1,0,1.367728274309536474e+00,-1.600735282571656315e+00
456,7004.56,1.306437417114351685e-01,-1.127427449098320905e-01,1,0,1.350963892548232348e+00,-1.751404602377592212e+00
457,7004.57,1.247373871907621196e-01,-1.534525100356210481e-01,1,0,1.332715311053028540e+00,-1.897535445796844300e+00
458,7004.58,1.182743512070251607e-01,-1.911197822813618108e-01,1,0,1.313029099884775563e+00,-2.038891585251517480e+00
459,7004.59,1.112471066496910771e-01,-2.262604626575638600e-01,1,0,1.291954165885463635e+00,-2.175241945924565989e+00
460,7004.6,1.036469703414241439e-01,-2.592803013656301836e-01,1,0,1.269541699544547431e+00,-2.306360926067009487e+00
461,7004.61,9.546405494020290816e-02,-2.905046428157495031e-01,1,0,1.245845118690080078e+00,-2.432028711659264264e+00
462,7004.62,8.668721123361652903e-02,-3.201988338599737194e-01,1,0,1.220920009063178657e+00,-2.552031585016464099e+00
463,7004.63,7.730396001379255533e-02,-3.485826112151441669e-01,1,0,1.194824061838397400e+00,-2.666162226934150947e+00
464,7004.64,6.730041253622379149e-02,-3.758404876757874269e-01,1,0,1.167617008156600633e+00,-2.774220011977731826e+00
465,7004.65,5.666117835379937823e-02,-4.021294092018091737e-01,1,0,1.139360550740845524e+00,-2.876011296526618466e+00
466,7004.66,4.536925907171503181e-02,-4.275845080103388152e-01,1,0,1.110118292669640683e+00,-2.971349699191988325e+00
467,7004.67,3.340592628123157520e-02,-4.523235009714704491e-01,1,0,1.079955663385716580e+00,-3.060056373235598315e+00
468,7004.68,2.075058159011791345e-02,-4.764501075934828855e-01,1,0,1.048939842022119651e+00,-3.141960270626077634e+00
469,7004.69,7.380596262186508300e-03,-5.000567480856460412e-01,1,0,1.017139678131037561e+00,-3.216898397378562979e+00
470,7004.7,-6.728872508568760347e-03,-5.232267063808797580e-01,1,0,9.846256099042478560e-01,-3.284716059833451496e+00
471,7004.71,-2.160509225253592208e-02,-5.460358918134653461e-01,1,0,9.514695799774806062e-01,-3.345267101540385646e+00
472,7004.72,-3.727799708788052946e-02,-5.685542979302421474e-01,1,0,9.177449489142657235e-01,-3.398414130424375568e+00
473,7004.73,-5.378046595125871021e-02,-5.908472323682886218e-01,1,0,8.835264064680118379e-01,-3.444028735922158191e+00
474,7004.74,-7.114864343760406162e-02,-6.129763744700552630e-01,1,0,8.488898807241277433e-01,-3.481991695788492436e+00
475,7004.75,-8.942231083553441040e-02,-6.350007051282293702e-01,1,0,8.139124452269363985e-01,-3.512193172284111320e+00
476,7004.76,-1.086453166256274167e-01,-6.569773448136199123e-01,1,0,7.786722241989569859e-01,-3.534532897469399693e+00
477,7004.77,-1.288660778240555138e-01,-6.789623298911097171e-01,1,0,7.432482959628231578e-01,-3.548920347340633441e+00
478,7004.78,-1.501381662356839342e-01,-7.010113535566006027e-01,1,0,7.077205946786729873e-01,-3.555274904558693994e+00
479,7004.79,-1.725209971065830017e-01,-7.231804956540117679e-01,1,0,6.721698105122825284e-01,-3.553526009533597207e+00
480,7004.8,-1.960806420782654214e-01,-7.455269650577421858e-01,1,0,6.366772883515083858e-01,-3.543613299641920733e+00
481,7004.81,-2.208907940782325052e-01,-7.681098791860571096e-01,1,0,6.013249251907686332e-01,-3.525486736368256935e+00
482,7004.82,-2.470339192975085918e-01,-7.909911076440345745e-01,1,0,5.661950663053049171e-01,-3.499106720176131891e+00
483,7004.83,-2.746026413588204540e-01,-8.142362112428725984e-01,1,0,5.313704003388449726e-01,-3.464444192928446853e+00
484,7004.84,-3.037014161000344825e-01,-8.379155141718196420e-01,1,0,4.969338534300063448e-01,-3.421480727692314705e+00
485,7004.85,-3.344485734320317150e-01,-8.621053566578257277e-01,1,0,4.629684825043620111e-01,-3.370208605778262978e+00
486,7004.86,-3.669788274520602855e-01,-8.868895891966523948e-01,1,0,4.295573678605098533e-01,-3.310630880879041449e+00
487,7004.87,-4.014463903442422876e-01,-9.123613891671533693e-01,1,0,3.967835051797591883e-01,-3.242761430188763949e+00
488,7004.88,-4.380288740393593616e-01,-9.386255091273836282e-01,1,0,3.647296970901628965e-01,-3.166624992398775706e+00
489,7004.89,-4.769322330322401937e-01,-9.658011077182135917e-01,1,0,3.334784444165794781e-01,-3.082257192482446673e+00
490,7004.9,-5.183971030528760071e-01,-9.940253759070906137e-01,1,0,3.031118372492486723e-01,-2.989704553197044312e+00
491,7004.91,-5.627070410441379344e-01,-1.023458264867181500e+00,1,0,2.737114459640018760e-01,-2.889024493246916681e+00
492,7004.92,-6.101994012701132952e-01,-1.054288766648235232e+00,1,0,2.453582123277063265e-01,-2.780285312068386361e+00
493,7004.93,-6.612799401083722106e-01,-1.086743428949461743e+00,1,0,2.181323408228553473e-01,-2.663566161213007266e+00
494,7004.94,-7.164428158313718153e-01,-1.121098161914882541e+00,1,0,1.921131903253708306e-01,-2.538957002322145051e+00
495,7004.95,-7.762985997310377639e-01,-1.157695032281637282e+00,1,0,1.673791662696709759e-01,-2.406558551702192794e+00
496,7004.96,-8.416145468953576403e-01,-1.196966861745450972e+00,1,0,1.440076134348826087e-01,-2.266482211526115620e+00
497,7004.97,-9.133743005797060333e-01,-1.239474510797414997e+00,1,0,1.220747094857381060e-01,-2.118849987703367077e+00
498,7004.98,-9.928697198591146522e-01,-1.285965735887173000e+00,1,0,1.016553594011944811e-01,-1.963794394476595651e+00
499,7004.99,-1.081848565842598031e+00,-1.337472790452875593e+00,1,0,8.282309092314721344e-02,-1.801458345819851203e+00
500,7005,-1.182765592687189615e+00,-1.395484425519702087e+00,1,0,6.564995115678200210e-02,-1.631995033729263689e+00
501,7005.01,-1.299240879643052571e+00,-1.462273317286721275e+00,1,0,5.020640445311777555e-02,-1.455567793513333097e+00
502,7005.02,-1.436979181842271469e+00,-1.541585761036652125e+00,1,0,3.656123170314198173e-02,-1.272349956206039190e+00
503,7005.03,-1.605873615958650413e+00,-1.640311425690729408e+00,1,0,2.478143117162752429e-02,-1.082524688241937483e+00
504,7005.04,-1.825878499577175740e+00,-1.773451809778251231e+00,1,0,1.493212099724954521e-02,-8.862848185482103958e-01
505,7005.05,-2.150184957472972336e+00,-1.985134792126806769e+00,1,0,7.076443483992510969e-03,-6.838326532243047540e-01
506,7005.06,-2.894329306813745895e+00,-2.571370010306320619e+00,1,0,1.275471307053925064e-03,-4.753797779952577685e-01
507,7005.07,-2.617643539298399880e+00,-2.034528328703746780e+00,-1,0,2.411884245486428918e-03,2.611468486400929656e-01
508,7005.08,-2.405722074726462267e+00,-1.022337985474115918e+00,-1,0,3.928962876052174633e-03,4.136336961172756149e-02
509,7005.09,-2.491949601330251785e+00,-1.756135677734795175e+00,1,0,3.221442609070189391e-03,-1.837325389203363080e-01
510,7005.1,-3.624474036175293623e+00,-3.241363571239315178e+00,1,0,2.374247360296228247e-04,-4.138943853586941057e-01
511,7005.11,-2.294779336614158893e+00,-2.106935400216510601e+00,-1,0,5.072483737924717885e-03,6.488675620379474873e-01
512,7005.12,-1.894316463968789721e+00,-1.842919935337807624e+00,-1,0,1.275509025521762499e-02,8.883896113816796003e-01
513,7005.13,-1.641027523412428968e+00,-1.694947030877329341e+00,-1,0,2.285453958143000841e-02,1.132190502568629187e+00
514,7005.14,-1.450846607236940589e+00,-1.590723465011558035e+00,-1,0,3.541223949884344385e-02,1.379992918406814928e+00
515,7005.15,-1.296994323207610433e+00,-1.509584742604791252e+00,-1,0,5.046678941846149263e-02,1.631512552101316293e+00
516,7005.16,-1.167146904779869931e+00,-1.442794140530504476e+00,-1,0,6.805391200781989169e-02,1.886458413588733896e+00
517,7005.17,-1.054499962014790793e+00,-1.385832724934193072e+00,-1,0,8.820638792856605459e-02,2.144533145099036808e+00
518,7005.18,-9.548570607781702302e-01,-1.336050387910760140e+00,-1,0,1.109539937743354715e-01,2.405433345593583461e+00
519,7005.19,-8.654294529066335340e-01,-1.291753602632453868e+00,-1,0,1.363234432958824738e-01,2.668849903716574712e+00
520,7005.2,-7.842611253475970656e-01,-1.251790553451327170e+00,-1,0,1.643383319967394729e-01,2.934468338886107919e+00
521,7005.21,-7.099228851385591677e-01,-1.215340028465633049e+00,-1,0,1.950190851788870527e-01,3.201969150140305143e+00
522,7005.22,-6.413363985937131639e-01,-1.181794537198516126e+00,-1,0,2.283829095140199050e-01,3.471028172343796125e+00
523,7005.23,-5.776666957999422314e-01,-1.150691196080603884e+00,-1,0,2.644437482119982863e-01,3.741316939350033621e+00
524,7005.24,-5.182532713983234451e-01,-1.121668647330132940e+00,-1,0,3.032122398539807695e-01,4.012503053705652967e+00
525,7005.25,-4.625641582798678542e-01,-1.094439020700609166e+00,-1,0,3.446956809535541288e-01,4.284250562474252177e+00
526,7005.26,-4.101642989023002173e-01,-1.068769017291985701e+00,-1,0,3.888979923049052934e-01,4.556220338748668830e+00
527,7005.27,-3.606931533786220667e-01,-1.044466753623231048e+00,-1,0,4.358196891727340039e-01,4.828070468412991367e+00
528,7005.28,-3.138484670389855014e-01,-1.021372370572352306e+00,-1,0,4.854578553741783487e-01,5.099456641708278504e+00
529,7005.29,-2.693742589534658394e-01,-9.993511770316108045e-01,-1,0,5.378061212985322248e-01,5.370032549149148515e+00
530,7005.3,-2.270517724348845023e-01,-9.782885446062570267e-01,-1,0,5.928546459059724771e-01,5.639450281332195836e+00
531,7005.31,-1.866925478129653482e-01,-9.580860396133704660e-01,-1,0,6.505901027418952154e-01,5.907360732171465401e+00
532,7005.32,-1.481330441385315388e-01,-9.386584469921587237e-01,-1,0,7.109956699987866058e-01,6.173414005091085954e+00
533,7005.33,-1.112304101248908633e-01,-9.199314486702945270e-01,-1,0,7.740510246528294891e-01,6.437259821700565432e+00
534,7005.34,-7.585912046419748811e-02,-9.018397898426009363e-01,-1,0,8.397323406976848759e-01,6.698547932474225419e+00
535,7005.35,-4.190827252353040988e-02,-8.843258142395443722e-01,-1,0,9.080122914930813804e-01,6.956928528952786017e+00
536,7005.36,-9.279393127003316213e-03,-8.673382820804921289e-01,-1,0,9.788600562410116890e-01,7.212052656982235632e+00
537,7005.37,2.211535628825831226e-02,-8.508314071500540088e-01,-1,0,1.052241330597474711e+00,7.463572630502803840e+00
538,7005.38,5.235466022454689922e-02,-8.347640655536143761e-01,-1,0,1.128118341422823079e+00,7.711142445399134182e+00
539,7005.39,8.150927940207917943e-02,-8.190991403009320049e-01,-1,0,1.206449865668874022e+00,7.954418192921608899e+00
540,7005.4,1.096430800229669794e-01,-8.038029743186785314e-01,-1,0,1.287191253396048340e+00,8.193058472188219810e+00
541,7005.41,1.368139002961070438e-01,-7.888449107322121900e-01,-1,0,1.370294454908884241e+00,8.426724801276414212e+00
542,7005.42,1.630742842341009746e-01,-7.741969039161429311e-01,-1,0,1.455708051993378271e+00,8.655082026414969931e+00
543,7005.43,1.884721064520908651e-01,-7.598331883296242095e-01,-1,0,1.543377293234708736e+00,8.877798728787141158e+00
544,7005.44,2.130511068793896901e-01,-7.457299948323247163e-01,-1,0,1.633244133389016417e+00,9.094547628458148125e+00
545,7005.45,2.368513505650994277e-01,-7.318653062382407537e-01,-1,0,1.725247276778061556e+00,9.305005984942436470e+00
546,7005.46,2.599096248485911476e-01,-7.182186454631996897e-01,-1,0,1.819322224670745225e+00,9.508855993929117290e+00
547,7005.47,2.822597838772882839e-01,-7.047708908715274445e-01,-1,0,1.915401326610681076e+00,9.705785179687538289e+00
548,7005.48,3.039330486417664012e-01,-6.915041144111604421e-01,-1,0,2.013413835644248362e+00,9.895486782679073556e+00
549,7005.49,3.249582692529955907e-01,-6.784014389061016059e-01,-1,0,2.113285967398836007e+00,1.007766014190592507e+01
550,7005.5,3.453621550268127227e-01,-6.654469114966183874e-01,-1,0,2.214940962956323922e+00,1.025201107153296398e+01
551,7005.51,3.651694770044199290e-01,-6.526253907156367440e-01,-1,0,2.318299155462238748e+00,1.041825223132453537e+01
552,7005.52,3.844032467774822215e-01,-6.399224450907341488e-01,-1,0,2.423278040406463330e+00,1.057610349044448128e+01
553,7005.53,4.030848748657979153e-01,-6.273242614850924603e-01,-1,0,2.529792349506911009e+00,1.072529228417461766e+01
554,7005.54,4.212343113862848099e-01,-6.148175616532094434e-01,-1,0,2.637754128123147357e+00,1.086555396311435295e+01
555,7005.55,4.388701713321473408e-01,-6.023895257000423387e-01,-1,0,2.747072816122625216e+00,1.099663213443218446e+01
556,7005.56,4.560098464332711932e-01,-5.900277213048378266e-01,-1,0,2.857655332117935654e+00,1.111827899474834069e+01
557,7005.57,4.726696052794934766e-01,-5.777200377104197981e-01,-1,0,2.969406160989320753e+00,1.123025565423685990e+01
558,7005.58,4.888646831465942588e-01,-5.654546235907614848e-01,-1,0,3.082227444602626765e+00,1.133233245154502633e+01
559,7005.59,5.046093627619935296e-01,-5.532198279986351164e-01,-1,0,3.196019075628900197e+00,1.142428925913807980e+01
560,7005.6,5.199170470763067042e-01,-5.410041436643590052e-01,-1,0,3.310678794367961419e+00,1.150591577868768844e+01
561,7005.61,5.348003249625048472e-01,-5.287961519687004452e-01,-1,0,3.426102288474535573e+00,1.157701182613367408e+01
562,7005.62,5.492710306419378297e-01,-5.165844689497234299e-01,-1,0,3.542183295481864835e+00,1.163738760605995282e+01
563,7005.63,5.633402975322173711e-01,-5.043576917260926828e-01,-1,0,3.658813708014199584e+00,1.168686397503756424e+01
564,7005.64,5.770186071229312930e-01,-4.921043447288863115e-01,-1,0,3.775883681576156725e+00,1.172527269359999735e+01
565,7005.65,5.903158334088900450e-01,-4.798128251306502112e-01,-1,0,3.893281744803643196e+00,1.175245666652881305e+01
566,7005.66,6.032412833450844225e-01,-4.674713468441979991e-01,-1,0,4.010894912057896278e+00,1.176827017114069029e+01
567,7005.67,6.158037337310574566e-01,-4.550678824339551287e-01,-1,0,4.128608798241164557e+00,1.177257907328059261e+01
568,7005.68,6.280114648835963820e-01,-4.425901022384952643e-01,-1,0,4.246307735709673459e+00,1.176526103073967455e+01
569,7005.69,6.398722914143598617e-01,-4.300253099427950310e-01,-1,0,4.363874893156777013e+00,1.174620568383081398e+01
570,7005.7,6.513935903923052662e-01,-4.173603737605326436e-01,-1,0,4.481192396336584949e+00,1.171531483286928044e+01
571,7005.71,6.625823271387737412e-01,-4.045816522876730659e-01,-1,0,4.598141450495941918e+00,1.167250260232096792e+01
572,7005.72,6.734450788751230599e-01,-3.916749139649492450e-01,-1,0,4.714602464380277524e+00,1.161769559139587926e+01
573,7005.73,6.839880564183190570e-01,-3.786252489339401173e-01,-1,0,4.830455175676763524e+00,1.155083301088004966e+01
574,7005.74,6.942171240984021940e-01,-3.654169718832245839e-01,-1,0,4.945578777756169053e+00,1.147186680601491737e+01
575,7005.75,7.041378180528354847e-01,-3.520335142498005609e-01,-1,0,5.059852047573016876e+00,1.138076176524914551e+01
576,7005.76,7.137553630360546908e-01,-3.384573038567144643e-01,-1,0,5.173153474581949851e+00,1.127749561470421824e+01
577,7005.77,7.230746878677900558e-01,-3.246696297179069157e-01,-1,0,5.285361390526726488e+00,1.116205909821156617e+01
578,7005.78,7.321004396306487472e-01,-3.106504893092594255e-01,-1,0,5.396354099956907291e+00,1.103445604279568215e+01
579,7005.79,7.408369967158204838e-01,-2.963784150694649400e-01,-1,0,5.506010011326150533e+00,1.089470340949450389e+01
580,7005.8,7.492884808054122159e-01,-2.818302762279414897e-01,-1,0,5.614207768525004916e+00,1.074283132942535168e+01
581,7005.81,7.574587678706550253e-01,-2.669810512232158040e-01,-1,0,5.720826382700271218e+00,1.057888312502181272e+01
582,7005.82,7.653514982569342706e-01,-2.518035649259947051e-01,-1,0,5.825745364212342459e+00,1.040291531638423272e+01
583,7005.83,7.729700859191338536e-01,-2.362681835525425322e-01,-1,0,5.928844854581441837e+00,1.021499761270374762e+01
584,7005.84,7.803177268640575370e-01,-2.203424584601135217e-01,-1,0,6.030005758273367711e+00,1.001521288873722959e+01
585,7005.85,7.873974068506072177e-01,-2.039907078406637542e-01,-1,0,6.129109874175217243e+00,9.803657146327958927e+00
586,7005.86,7.942119083928601553e-01,-1.871735225127280355e-01,-1,0,6.226040026611578959e+00,9.580439460984266020e+00
587,7005.87,8.007638171061489674e-01,-1.698471783342696551e-01,-1,0,6.320680195751931407e+00,9.345681913545915265e+00
588,7005.88,8.070555274316151273e-01,-1.519629329142937746e-01,-1,0,6.412915647260325258e+00,9.099519506985465966e+00
589,7005.89,8.130892477704482202e-01,-1.334661778539209254e-01,-1,0,6.502633061039015061e+00,8.842100068409209257e+00
590,7005.9,8.188670050550754809e-01,-1.142954090772024672e-01,-1,0,6.589720658918442275e+00,8.573584136339773565e+00
591,7005.91,8.243906487808809747e-01,-9.438096601712056555e-02,-1,0,6.674068331146846944e+00,8.294144833379679227e+00
592,7005.92,8.296618545185795446e-01,-7.364347417682524932e-02,-1,0,6.755567761533908921e+00,8.003967724372403225e+00
593,7005.93,8.346821269240995989e-01,-5.199190290752783022e-02,-1,0,6.834112551104029265e+00,7.703250660194565391e+00
594,7005.94,8.394528022597105288e-01,-2.932111811711654234e-02,-1,0,6.909598340116312798e+00,7.392203607329821402e+00
595,7005.95,8.439750504371305029e-01,-5.508763374739771186e-03,-1,0,6.981922928309891141e+00,7.071048463391806038e+00
596,7005.96,8.482498765904349369e-01,1.958876488409239461e-02,-1,0,7.050986393234972560e+00,6.740018858780142175e+00
597,7005.97,8.522781221837277821e-01,4.614158357464342303e-02,-1,0,7.116691206531955416e+00,6.399359944669877898e+00
598,7005.98,8.560604656557041503e-01,7.435332064402763730e-02,-1,0,7.178942348022987474e+00,6.049328167550974911e+00
599,7005.99,8.595974226003954000e-01,1.044705758676660740e-01,-1,0,7.237647417482646617e+00,5.690191030550396434e+00
600,7006,8.628893454805148799e-01,1.367959645481150732e-01,-1,0,7.292716743956766834e+00,5.322226841785067109e+00
601,7006.01,8.659364228668863239e-01,1.717065067926873689e-01,-1,0,7.344063492501057056e+00,4.945724450009387319e+00
602,7006.02,8.687386781943989833e-01,2.096802277444235196e-01,-1,0,7.391603768213812486e+00,4.560982967836160640e+00
603,7006.03,8.712959680217682301e-01,2.513358032635347183e-01,-1,0,7.435256717439921559e+00,4.168311482824573311e+00
604,7006.04,8.736079797790408108e-01,2.974937712082771912e-01,-1,0,7.474944626026371886e+00,3.768028756743384555e+00
605,7006.05,8.756742289832391002e-01,3.492751221713924492e-01,-1,0,7.510593014512592980e+00,3.360462913331637047e+00
606,7006.06,8.774940558987397443e-01,4.082685200141162873e-01,-1,0,7.542130730142294404e+00,2.945951114892971123e+00
607,7006.07,8.790666216148790291e-01,4.768328924606708985e-01,-1,0,7.569490035586863286e+00,2.524839228073023190e+00
608,7006.08,8.803909035088220980e-01,5.586927688230494127e-01,-1,0,7.592606694273956514e+00,2.097481479182415232e+00
609,7006.09,8.814656900568537123e-01,6.602497080420913766e-01,-1,0,7.611420052218610621e+00,1.664240099440407405e+00
610,7006.1,8.822895749518888664e-01,7.939815891071151377e-01,-1,0,7.625873116257993800e+00,1.225484960526471934e+00
611,7006.11,8.828609504790670970e-01,9.898801777251777789e-01,-1,0,7.635912628594882179e+00,7.815932008387492802e-01
612,7006.12,8.831780000947030418e-01,1.360800490210517077e+00,-1,0,7.641489137558946432e+00,3.329488428696238955e-01
613,7006.13,8.832386901465157925e-01,1.803849040429117645e+00,1,0,7.642557064499138519e+00,-1.200575978805625138e-01
614,7006.14,8.830407606648135177e-01,1.121842735065730512e+00,1,0,7.639074766724699650e+00,-5.770295120203275951e-01
615,7006.15,8.825817151450418008e-01,8.665665679861459525e-01,1,0,7.631004596416673280e+00,-1.037564602973256145e+00
616,7006.16,8.818588092316456128e-01,7.054042553557822171e-01,1,0,7.618312955436294054e+00,-1.501255300823157279e+00
617,7006.17,8.808690382013394382e-01,5.869125400605927911e-01,1,0,7.600970345961128416e+00,-1.967689182838948891e+00
618,7006.18,8.796091231304250524e-01,4.928517266772158290e-01,1,0,7.578951416884521564e+00,-2.436449400211795790e+00
619,7006.19,8.780754956154482871e-01,4.146132671205833287e-01,1,0,7.552235005918583433e+00,-2.907115110529323587e+00
620,7006.2,8.762642808989486998e-01,3.474424270790367197e-01,1,0,7.520804177345755015e+00,-3.379261915504563341e+00
621,7006.21,8.741712792319470404e-01,2.884328814131344454e-01,1,0,7.484646255368848422e+00,-3.852462303470698401e+00
622,7006.22,8.717919452816851322e-01,2.356767094506007909e-01,1,0,7.443752853014367510e+00,-4.326286096146636950e+00
623,7006.23,8.691213653664595640e-01,1.878529040836521835e-01,1,0,7.398119896548903007e+00,-4.800300899172992075e+00
624,7006.24,8.661542322685287232e-01,1.440081321399012959e-01,1,0,7.347747645373418734e+00,-5.274072555913170923e+00
625,7006.25,8.628848173402623445e-01,1.034311058736058359e-01,1,0,7.292640707365324992e+00,-5.747165604009995654e+00
626,7006.26,8.593069395770187580e-01,6.557634541957017837e-02,1,0,7.232808049643344006e+00,-6.219143734184579664e+00
627,7006.27,8.554139312815570717e-01,3.001571242522727348e-02,1,0,7.168263004735321964e+00,-6.689570250761096126e+00
628,7006.28,8.511985998877762416e-01,-3.593611909392937283e-03,1,0,7.099023272134333595e+00,-7.158008533398585449e+00
629,7006.29,8.466531854445401573e-01,-3.553098384866434922e-02,1,0,7.025110915233593545e+00,-7.624022499509061745e+00
630,7006.3,8.417693131812976626e-01,-6.602763880895867743e-02,1,0,6.946552353635936150e+00,-8.087177066839910111e+00
631,7006.31,8.365379404836198463e-01,-9.527772563143563356e-02,1,0,6.863378350838823749e+00,-8.547038615697871933e+00
632,7006.32,8.309492974955903222e-01,-1.234464160890198919e-01,1,0,6.775623997301088330e+00,-9.003175450291923454e+00
633,7006.33,8.249928204333601967e-01,-1.506759819484509710e-01,1,0,6.683328688902823167e+00,-9.455158258672826221e+00
634,7006.34,8.186570765353533563e-01,-1.770904309874639371e-01,1,0,6.586536100815069794e+00,-9.902560570748381252e+00
635,7006.35,8.119296793835957260e-01,-2.027991033675458077e-01,1,0,6.485294156801135301e+00,-1.034495921385511608e+01
636,7006.36,8.047971930999121559e-01,-2.278995067609383418e-01,1,0,6.379654993976568989e+00,-1.078193476536961448e+01
637,7006.37,7.972450236407337965e-01,-2.524795872304951283e-01,1,0,6.269674923059967320e+00,-1.121307200184560138e+01
638,7006.38,7.892572950728244940e-01,-2.766195779479125871e-01,1,0,6.155414384151906226e+00,-1.163796034416654024e+01
639,7006.39,7.808167082937593761e-01,-3.003935301799933733e-01,1,0,6.036937898084381970e+00,-1.205619429820770883e+01
640,7006.4,7.719043791453491510e-01,-3.238706048086848477e-01,1,0,5.914314013388176861e+00,-1.246737389050647238e+01
641,7006.41,7.624996522292466494e-01,-3.471161843062593455e-01,1,0,5.787615248930545242e+00,-1.287110509844487005e+01
642,7006.42,7.525798859374831506e-01,-3.701928521853712351e-01,1,0,5.656918032280555231e+00,-1.326700027445459362e+01
643,7006.43,7.421202032115842284e-01,-3.931612779300062699e-01,1,0,5.522302633864295096e+00,-1.365467856376096911e+01
644,7006.44,7.310932012822841664e-01,-4.160810392681728032e-01,1,0,5.383853096976920938e+00,-1.403376631518967166e+01
645,7006.45,7.194686120374634841e-01,-4.390114097116964431e-01,1,0,5.241657163723285606e+00,-1.440389748456753516e+01
646,7006.46,7.072129026102945693e-01,-4.620121371578488345e-01,1,0,5.095806196963509116e+00,-1.476471403025708895e+01
647,7006.47,6.942888031246891023e-01,-4.851442388086339430e-01,1,0,4.946395098344422259e+00,-1.511586630037316148e+01
648,7006.48,6.806547450770222829e-01,-5.084708386631956456e-01,1,0,4.793522222502280883e+00,-1.545701341123920436e+01
649,7006.49,6.662641892875668104e-01,-5.320580764759953452e-01,1,0,4.637289287526520809e+00,-1.578782361665082945e+01
650,7006.5,6.510648163216276041e-01,-5.559761216138247031e-01,1,0,4.477801281778612363e+00,-1.610797466752430296e+01
651,7006.51,6.349975441876268833e-01,-5.803003321607025367e-01,1,0,4.315166367164213312e+00,-1.641715416151865270e+01
652,7006.52,6.179953271412573779e-01,-6.051126096638487217e-01,1,0,4.149495778960917036e+00,-1.671505988223124817e+01
653,7006.53,5.999816743497167204e-01,-6.305030142428134088e-01,1,0,3.980903722307792769e+00,-1.700140012757859509e+01
654,7006.54,5.808688061933493518e-01,-6.565717251605628357e-01,1,0,3.809507265466762327e+00,-1.727589402698621157e+01
655,7006.55,5.605553363702830971e-01,-6.834314610817990854e-01,1,0,3.635426229969559664e+00,-1.753827184702424447e+01
656,7006.56,5.389233255059248107e-01,-7.112105163127696583e-01,1,0,3.458783077767563441e+00,-1.778827528513848222e+01
657,7006.57,5.158344900164962832e-01,-7.400566309466056758e-01,1,0,3.279702795505257118e+00,-1.802565775114001312e+01
658,7006.58,4.911252578557885884e-01,-7.701420046927099916e-01,1,0,3.098312776041345362e+00,-1.825018463613067965e+01
659,7006.59,4.646002228839046233e-01,-8.016699038396287724e-01,1,0,2.914742697344732125e+00,-1.846163356855577220e+01
660,7006.6,4.360233321237551030e-01,-8.348835280914755907e-01,1,0,2.729124398895566017e+00,-1.865979465709005680e+01
661,7006.61,4.051057930808173446e-01,-8.700781509559384341e-01,1,0,2.541591755724425195e+00,-1.884447072007827018e+01
662,7006.62,3.714891176373754655e-01,-9.076181178983622200e-01,1,0,2.352280550225430034e+00,-1.901547750126655600e+01
663,7006.63,3.347207484822150581e-01,-9.479612569187720883e-01,1,0,2.161328341881628923e+00,-1.917264387157690919e+01
664,7006.64,2.942179978349942493e-01,-9.916949723189569799e-01,1,0,1.968874335043393486e+00,-1.931581201669275316e+01
665,7006.65,2.492128527742034083e-01,-1.039591467798952396e+00,1,0,1.775059244902811750e+00,-1.944483761023987256e+01
666,7006.66,1.986640031239466642e-01,-1.092695743308902845e+00,1,0,1.580025161809128997e+00,-1.955958997236349006e+01
667,7006.67,1.411095465338132182e-01,-1.152472911345301831e+00,1,0,1.383915414072207639e+00,-1.965995221351894529e+01
668,7006.68,7.440477329135933293e-02,-1.221070430424867848e+00,1,0,1.186874429402708042e+00,-1.974582136331036253e+01
669,7006.69,-4.782808697066004248e-03,-1.301823095528764851e+00,1,0,9.890475951392679876e-01,-1.981710848422883942e+01
670,7006.7,-1.020535627487791502e-01,-1.400333139697888418e+00,1,0,7.905811174143582143e-01,-1.987373877015895829e+01
671,7006.71,-2.279557732619145738e-01,-1.527150294124438590e+00,1,0,5.916218794117107382e-01,-1.991565162953990509e+01
672,7006.72,-4.063625416338332297e-01,-1.706148691908077719e+00,1,0,3.923172988692715246e-01,-1.994280075308507350e+01
673,7006.73,-7.148587666239633043e-01,-2.014913853952049028e+00,1,0,1.928151849824993047e-01,-1.995515416598167846e+01
674,7006.74,-2.171571801668229718e+00,-3.471573349570933331e+00,-1,0,6.736405136472510373e-03,1.995269426450981598e+01
675,7006.75,-6.857338541028078494e-01,-1.985359196805925430e+00,-1,0,2.061893102877754291e-01,1.993541783703813763e+01
676,7006.76,-3.921211737350450144e-01,-1.691047049898023014e+00,-1,0,4.053954091444748054e-01,1.990333606937134903e+01
677,7006.77,-2.188144170414395850e-01,-1.516716560186189167e+00,-1,0,6.042067641884364404e-01,1.985647453444263988e+01
678,7006.78,-9.556807429230759765e-02,-1.392120797691694056e+00,-1,0,8.024757654648810856e-01,1.979487316636209826e+01
679,7006.79,2.400452948852250807e-05,-1.294851769191189383e+00,-1,0,1.000055273999315819e+00,1.971858621885016305e+01
680,7006.8,7.802113226239203170e-02,-1.214847885439366060e+00,-1,0,1.196798764720914399e+00,1.962768220810302822e+01
681,7006.81,1.438140624946854518e-01,-1.146715670477009397e+00,-1,0,1.392560468736972590e+00,1.952224384015484304e+01
682,7006.82,2.006304275553725258e-01,-1.087224308202605627e+00,-1,0,1.587195514803807495e+00,1.940236792281923783e+01
683,7006.83,2.505566298272572934e-01,-1.034283732758138896e+00,-1,0,1.780560069840378512e+00,1.926816526231049309e+01
684,7006.84,2.950195391117473864e-01,-9.864629097706421046e-01,-1,0,1.972511478332002577e+00,1.911976054466222052e+01
685,7006.85,3.350381273856628539e-01,-9.427381768358993330e-01,-1,0,2.162908400472798753e+00,1.895729220207876864e+01
686,7006.86,3.713654735592514800e-01,-9.023512103112202309e-01,-1,0,2.351610948896941000e+00,1.878091226437197747e+01
687,7006.87,4.045738870128673947e-01,-8.647238692579001240e-01,-1,0,2.538480823850403745e+00,1.859078619565290325e+01
688,7006.88,4.351084744564202578e-01,-8.294045915401707658e-01,-1,0,2.723381446656670590e+00,1.838709271646506593e+01
689,7006.89,4.633222244536765455e-01,-7.960332672112433450e-01,-1,0,2.906178091331821811e+00,1.817002361156243140e+01
690,7006.9,4.894997704562522589e-01,-7.643174277226054691e-01,-1,0,3.086738014206535041e+00,1.793978352355183148e+01
691,7006.91,5.138739517890433817e-01,-7.340156307877465647e-01,-1,0,3.264930581414807964e+00,1.769658973263560497e+01
692,7006.92,5.366376428495911455e-01,-7.049255697826398714e-01,-1,0,3.440627394111651416e+00,1.744067192270624034e+01
693,7006.93,5.579523855081613970e-01,-6.768753716884059468e-01,-1,0,3.613702411284595239e+00,1.717227193406036534e+01
694,7006.94,5.779548084318079093e-01,-6.497170986623305167e-01,-1,0,3.784032070026601691e+00,1.689164350301471273e+01
695,7006.95,5.967614810514781931e-01,-6.233218041076257210e-01,-1,0,3.951495403140885543e+00,1.659905198872164078e+01
696,7006.96,6.144726389690092772e-01,-5.975757047684041590e-01,-1,0,4.115974153951178494e+00,1.629477408749646017e+01
697,7006.97,6.311750816978451972e-01,-5.723771659556815550e-01,-1,0,4.277352888194182690e+00,1.597909753498295515e+01
698,7006.98,6.469444540034025026e-01,-5.476342862424232738e-01,-1,0,4.435519102874279085e+00,1.565232079649744534e+01
699,7006.99,6.618470617512429710e-01,-5.232629278369337333e-01,-1,0,4.590363331964042004e+00,1.531475274590510161e+01
700,7007,6.759413317503010221e-01,-4.991850796632942844e-01,-1,0,4.741779248837699967e+00,1.496671233339536045e+01
701,7007.01,6.892789961618550620e-01,-4.753274683459051131e-01,-1,0,4.889663765328418066e+00,1.460852824253577076e+01
702,7007.02,7.019060615399624892e-01,-4.516203518636248693e-01,-1,0,5.033917127304143868e+00,1.424053853699590633e+01
703,7007.03,7.138636078192676093e-01,-4.279964442087380583e-01,-1,0,5.174443006660712996e+00,1.386309029734455578e+01
704,7007.04,7.251884518156441750e-01,-4.043899286390745806e-01,-1,0,5.311148589635016570e+00,1.347653924833468331e+01
705,7007.05,7.359137018739579927e-01,-3.807355231287140596e-01,-1,0,5.443944661345228475e+00,1.308124937710141822e+01
706,7007.06,7.460692243798823231e-01,-3.569675650739818629e-01,-1,0,5.572745686469380288e+00,1.267759254270848501e+01
707,7007.07,7.556820383915718864e-01,-3.330190835685735151e-01,-1,0,5.697469885978004633e+00,1.226594807748831428e+01
708,7007.08,7.647766512509109882e-01,-3.088208267576201815e-01,-1,0,5.818039309841023687e+00,1.184670238063016967e+01
709,7007.09,7.733753454252236814e-01,-2.843002088304817931e-01,-1,0,5.934379905633699437e+00,1.142024850447939421e+01
710,7007.1,7.814984248091979557e-01,-2.593801358000739632e-01,-1,0,6.046421582971081676e+00,1.098698573401893164e+01
711,7007.11,7.891644271384627984e-01,-2.339776607450609613e-01,-1,0,6.154098273705177924e+00,1.054731916001186498e+01
712,7007.12,7.963903079245009398e-01,-2.080024066822817319e-01,-1,0,6.257347987823874469e+00,1.010165924629075462e+01
713,7007.13,8.031916003367213230e-01,-1.813546771612972175e-01,-1,0,6.356112864995537848e+00,9.650421391685931383e+00
714,7007.14,8.095825546728041555e-01,-1.539231486666078619e-01,-1,0,6.450339221708156323e+00,9.194025487090828008e+00
715,7007.15,8.155762604286193040e-01,-1.255820013020882697e-01,-1,0,6.539977593956924906e+00,8.732895468167642505e+00
716,7007.16,8.211847534705160045e-01,-9.618728923287687971e-02,-1,0,6.624982775439201887e+00,8.267458864201348234e+00
717,7007.17,8.264191103999026788e-01,-6.557227069927082375e-02,-1,0,6.705313851220870980e+00,7.798146343614141607e+00
718,7007.18,8.312895318629935915e-01,-3.354129389609080553e-02,-1,0,6.780934226843311485e+00,7.325391256655896299e+00
719,7007.19,8.358054162820572897e-01,1.383559236243728924e-04,-1,0,6.851811652845298362e+00,6.849629175789073265e+00
720,7007.2,8.399754252564859414e-01,3.574754532667021728e-02,-1,0,6.917918244679399642e+00,6.371297434288821115e+00
721,7007.21,8.438075416931217765e-01,7.363070800860288534e-02,-1,0,6.979230498007628292e+00,5.890834663580643671e+00
722,7007.22,8.473091215681040067e-01,1.142178075487634697e-01,-1,0,7.035729299366335177e+00,5.408680329839076428e+00
723,7007.23,8.504869400911461153e-01,1.580565203250877682e-01,-1,0,7.087399932195575403e+00,4.925274270371245322e+00
724,7007.24,8.533472329329158113e-01,2.058609609170167776e-01,-1,0,7.134232078233424090e+00,4.441056230308997321e+00
725,7007.25,8.558957330832985821e-01,2.585883609718061527e-01,-1,0,7.176219814280929477e+00,3.956465400132512134e+00
726,7007.26,8.581377038297329785e-01,3.175654981646911512e-01,-1,0,7.213361604348634160e+00,3.471939954546903184e+00
727,7007.27,8.600779682780554936e-01,3.847094981617948384e-01,-1,0,7.245660287200793803e+00,2.987916593231293216e+00
728,7007.28,8.617209357813730985e-01,4.629426650966393386e-01,-1,0,7.273123059318604255e+00,2.504830083977245270e+00
729,7007.29,8.630706255937591331e-01,5.570505258960599670e-01,-1,0,7.295761453308902134e+00,2.023112808730197276e+00
730,7007.3,8.641306880236931942e-01,6.757100738403502005e-01,-1,0,7.313591311789915395e+00,1.543194313043736443e+00
731,7007.31,8.649044233260334558e-01,8.373506189659436494e-01,-1,0,7.326632756790738554e+00,1.065500859452126470e+00
732,7007.32,8.653947985399975673e-01,1.094208004799988920e+00,-1,0,7.334910154706202334e+00,5.904549852614966454e-01
733,7007.33,8.656044624533720810e-01,1.791977505878151078e+00,-1,0,7.338452076853815953e+00,1.184750652545153021e-01
734,7007.34,8.655357588493370891e-01,1.321436545430559439e+00,1,0,7.337291255684367464e+00,-3.500251202027939712e-01
735,7007.35,8.651907381713344058e-01,9.542267074190591281e-01,1,0,7.331464536702602786e+00,-8.146368111701707271e-01
736,7007.36,8.645711677228876679e-01,7.590757363459422757e-01,1,0,7.321012826159228659e+00,-1.274956687783537657e+00
737,7007.37,8.636785405027959106e-01,6.254850324496241676e-01,1,0,7.305981034580140587e+00,-1.730587283079936478e+00
738,7007.38,8.625140827613647643e-01,5.238310603715947700e-01,1,0,7.286418016203447756e+00,-2.181137388538574307e+00
739,7007.39,8.610787603500019705e-01,4.417472505021272644e-01,1,0,7.262376504399387755e+00,-2.626222451888500231e+00
740,7007.4,8.593732839243647392e-01,3.728769267092598150e-01,1,0,7.233913043152661260e+00,-3.065464966742861286e+00
741,7007.41,8.573981130500712977e-01,3.135168736591064653e-01,1,0,7.201087914691093772e+00,-3.498494853629634971e+00
742,7007.42,8.551534592496002896e-01,2.613193492065871704e-01,1,0,7.163965063348756601e+00,-3.924949831999187566e+00
743,7007.43,8.526392880192162904e-01,2.147019073201709150e-01,1,0,7.122612015755835024e+00,-4.344475782799914754e+00
744,7007.44,8.498553198354309446e-01,1.725470836629451332e-01,1,0,7.077099797451571028e+00,-4.756727101224645260e+00
745,7007.45,8.468010301614761204e-01,1.340362860983743687e-01,1,0,7.027502846020479588e+00,-5.161367039242319876e+00
746,7007.46,8.434756484554088996e-01,9.855178968658251382e-02,1,0,6.973898920855902794e+00,-5.558068037541765705e+00
747,7007.47,8.398781561726269551e-01,6.561585315259016449e-02,1,0,6.916369009658557943e+00,-5.946512046527120177e+00
748,7007.48,8.360072837466351325e-01,3.485126520225158980e-02,1,0,6.854997231781333689e+00,-6.326390836017576014e+00
749,7007.49,8.318615065227191741e-01,5.954860626161068496e-03,1,0,6.789870738534959038e+00,-6.697406293317670567e+00
750,7007.5,8.274390396096106270e-01,-2.132079695635637553e-02,1,0,6.721079610572463281e+00,-7.059270709338252736e+00
751,7007.51,8.227378316041132900e-01,-4.718041390334205137e-02,1,0,6.648716752473439406e+00,-7.411707052462536360e+00
752,7007.52,8.177555571328508632e-01,-7.179539976541250701e-02,1,0,6.572877784652153110e+00,-7.754449229866265725e+00
753,7007.53,8.124896081435865058e-01,-9.531084889279323180e-02,1,0,6.493660932716326606e+00,-8.087242336015997068e+00
754,7007.54,8.069370838657776712e-01,-1.178507985581511569e-01,1,0,6.411166914406148720e+00,-8.409842888084726908e+00
755,7007.55,8.010947793459045618e-01,-1.395222514493673904e-01,1,0,6.325498824245562979e+00,-8.722019048039681977e+00
756,7007.56,7.949591724474143195e-01,-1.604182966832038704e-01,1,0,6.236762016040288792e+00,-9.023550831172903131e+00
757,7007.57,7.885264091875130443e-01,-1.806205627768971977e-01,1,0,6.145063983359206006e+00,-9.314230300861343181e+00
758,7007.58,7.817922872631867248e-01,-2.002011685882992276e-01,1,0,6.050514238137831846e+00,-9.593861749359497537e+00
759,7007.59,7.747522375962994090e-01,-2.192242922124119919e-01,1,0,5.953224187544458701e+00,-9.862261864444151982e+00
760,7007.6,7.674013037019097316e-01,-2.377474458545083269e-01,1,0,5.853307009251271786e+00,-1.011925988174755098e+01
761,7007.61,7.597341186544798175e-01,-2.558225221403650496e-01,1,0,5.750877525254321831e+00,-1.036469772263215461e+01
762,7007.62,7.517448793927071771e-01,-2.734966611730813568e-01,1,0,5.646052074387578834e+00,-1.059843011747728880e+01
763,7007.63,7.434273180644542789e-01,-2.908129759313747287e-01,1,0,5.538948383677540832e+00,-1.082032471426512465e+01
764,7007.64,7.347746700676534015e-01,-3.078111650072402616e-01,1,0,5.429685438685893040e+00,-1.103026217237074924e+01
765,7007.65,7.257796383898922343e-01,-3.245280353056180789e-01,1,0,5.318383352988571566e+00,-1.122813624147850931e+01
766,7007.66,7.164343537871467049e-01,-3.409979525581449677e-01,1,0,5.205163236940294702e+00,-1.141385382556427963e+01
767,7007.67,7.067303302689645905e-01,-3.572532339066596951e-01,1,0,5.090147065874126575e+00,-1.158733503190080683e+01
768,7007.68,6.966584152711008393e-01,-3.733244940861249472e-01,1,0,4.973457547885986152e+00,-1.174851320506089181e+01
769,7007.69,6.862087337943570953e-01,-3.892409546646761753e-01,1,0,4.855217991354172646e+00,-1.189733494591067853e+01
770,7007.7,6.753706256667838526e-01,-4.050307242254070905e-01,1,0,4.735552172343973965e+00,-1.203376011560294501e+01
771,7007.71,6.641325749411791657e-01,-4.207210561884970335e-01,1,0,4.614584202047235628e+00,-1.215776182459774901e+01
772,7007.72,6.524821302656418354e-01,-4.363385900930399908e-01,1,0,4.492438394406408797e+00,-1.226932640675531516e+01
773,7007.73,6.404058148550999530e-01,-4.519095815282919149e-01,1,0,4.369239134072051556e+00,-1.236845337856340166e+01
774,7007.74,6.278890244377923757e-01,-4.674601254845024978e-01,1,0,4.245110744842066630e+00,-1.245515538357872209e+01
775,7007.75,6.149159112418508544e-01,-4.830163776584212032e-01,1,0,4.120177358730050976e+00,-1.252945812217916810e+01
776,7007.76,6.014692517097037783e-01,-4.986047781839410553e-01,1,0,3.994562785809105954e+00,-1.259140026674066526e+01
777,7007.77,5.875302951642978888e-01,-5.142522823604726012e-01,1,0,3.868390384976219121e+00,-1.264103336236934005e+01
778,7007.78,5.730785900782503495e-01,-5.299866032268485405e-01,1,0,3.741782935780938679e+00,-1.267842171333646384e+01
779,7007.79,5.580917838851736645e-01,-5.458364712937269214e-01,1,0,3.614862511460507299e+00,-1.270364225538011738e+01
780,7007.8,5.425453913824084262e-01,-5.618319174315895559e-01,1,0,3.487750353321904750e+00,-1.271678441405387616e+01
781,7007.81,5.264125256544451847e-01,-5.780045858582688600e-01,1,0,3.360566746609352506e+00,-1.271794994931884659e+01
782,7007.82,5.096635840273274765e-01,-5.943880854421522697e-01,1,0,3.233430897993808006e+00,-1.270725278659126900e+01
783,7007.83,4.922658797533128183e-01,-6.110183892226193070e-01,1,0,3.106460814818758021e+00,-1.268481883447341829e+01
784,7007.84,4.741832077958101355e-01,-6.279342942698772356e-01,1,0,2.979773186234286442e+00,-1.265078578941079357e+01
785,7007.85,4.553753300639991619e-01,-6.451779569318402130e-01,1,0,2.853483266348862291e+00,-1.260530292753359305e+01
786,7007.86,4.357973614947874830e-01,-6.627955223829319342e-01,1,0,2.727704759525668710e+00,-1.254853088395503669e+01
787,7007.87,4.153990331609142550e-01,-6.808378725322267178e-01,1,0,2.602549707947471536e+00,-1.248064141981343411e+01
788,7007.88,3.941238016218255868e-01,-6.993615232403024295e-01,1,0,2.478128381571099492e+00,-1.240181717735881151e+01
789,7007.89,3.719077643445642400e-01,-7.184297111175584893e-01,1,0,2.354549170589535834e+00,-1.231225142339844858e+01
790,7007.9,3.486783282097911107e-01,-7.381137229254109977e-01,1,0,2.231918480516395853e+00,-1.221214778142886814e+01
791,7007.91,3.243525604121862416e-01,-7.584945382451014906e-01,1,0,2.110340630004241991e+00,-1.210171995279451984e+01
792,7007.92,2.988351262560186017e-01,-7.796648808241435358e-01,1,0,1.989917751504713950e+00,-1.198119142722581643e+01
793,7007.93,2.720156830602886711e-01,-8.017318092314101863e-01,1,0,1.870749694874868307e+00,-1.185079518312096880e+01
794,7007.94,2.437655483660658429e-01,-8.248200284043583075e-01,1,0,1.752933934030418639e+00,-1.171077337794760176e+01
795,7007.95,2.139333855188877975e-01,-8.490761787166150043e-01,1,0,1.636565476742751768e+00,-1.156137702915106935e+01
796,7007.96,1.823395368691128060e-01,-8.746744719413349634e-01,1,0,1.521736777672678231e+00,-1.140286568596688710e+01
797,7007.97,1.487684615616204353e-01,-9.018242166643016811e-01,1,0,1.408537654729840716e+00,-1.123550709254473645e+01
798,7007.98,1.129584621175408893e-01,-9.307800483635962907e-01,1,0,1.297055208842595064e+00,-1.105957684280100395e+01
799,7007.99,7.458744246439792669e-02,-9.618561207968461257e-01,1,0,1.187373747218947839e+00,-1.087535802742580771e+01
800,7008,3.325270233857686303e-02,-9.954462529271158600e-01,1,0,1.079574710174847851e+00,-1.068314087347898855e+01
801,7008.01,-1.155850507338920981e-02,-1.032053303508234654e+00,1,0,9.737366016017312553e-01,-1.048322237701743020e+01
802,7008.02,-6.051323425258892802e-02,-1.072333354115601267e+00,1,0,8.699349231407645933e-01,-1.027590592920356549e+01
803,7008.03,-1.145018901375587650e-01,-1.117164662085369242e+00,1,0,7.682421121266987951e-01,-1.006150093635171672e+01
804,7008.04,-1.747508278003043480e-01,-1.167760156838938412e+00,1,0,6.687274833596422718e-01,-9.840322434375288196e+00
805,7008.05,-2.430163102608113024e-01,-1.225861278759513784e+00,1,0,5.714571747584078487e-01,-9.612690698103534714e+00
806,7008.06,-3.219424752572725978e-01,-1.294095808927131053e+00,1,0,4.764940969443712260e-01,-9.378930845941829020e+00
807,7008.07,-4.157842784885279475e-01,-1.376700654195184503e+00,1,0,3.838978868000171296e-01,-9.139372440353943361e+00
808,7008.08,-5.320592870718813261e-01,-1.481173457671822069e+00,1,0,2.937248650415435480e-01,-8.894349084648910164e+00
809,7008.09,-6.860737578773646872e-01,-1.622798464782881922e+00,1,0,2.060279978400509915e-01,-8.644198016558416242e+00
810,7008.1,-9.177286843513117187e-01,-1.841452323036535832e+00,1,0,1.208568625209689162e-01,-8.389259699093599920e+00
811,7008.11,-1.417282080749254769e+00,-2.327366077644504649e+00,1,0,3.825761736647217276e-02,-8.129877409172337366e+00
812,7008.12,-1.379582583584223254e+00,-2.275358434423264686e+00,-1,0,4.172702445928089254e-02,7.866396824509794605e+00
813,7008.13,-9.242420853313143558e-01,-1.805007994561448337e+00,-1,0,1.190578168471893988e-01,7.599165609266100851e+00
814,7008.14,-7.128726246753220863e-01,-1.577889672409767519e+00,-1,0,1.936989985325731078e-01,7.328532998945481935e+00
815,7008.15,-5.757419961766270244e-01,-1.424229742552778566e+00,-1,0,2.656183067318435009e-01,7.054849385041070953e+00
816,7008.16,-4.752314316410882755e-01,-1.306362847250470249e+00,-1,0,3.347869866264084338e-01,6.778465899918932891e+00
817,7008.17,-3.966609460484670779e-01,-1.209556529823768045e+00,-1,0,4.011797966986643815e-01,6.499734002433525504e+00
818,7008.18,-3.327572311799878446e-01,-1.126478141683584733e+00,-1,0,4.647750099298448845e-01,6.219005064764935753e+00
819,7008.19,-2.793823146134201685e-01,-1.052922294157794036e+00,-1,0,5.255544108743840370e-01,5.936629960965789543e+00
820,7008.2,-2.339566919237083265e-01,-9.862325012300552363e-01,-1,0,5.835032886303188615e-01,5.652958657702630063e+00
821,7008.21,-1.947639955991332383e-01,-9.246039938044989803e-01,-1,0,6.386104257300850850e-01,5.368339807672984243e+00
822,7008.22,-1.606048705748671368e-01,-8.667352626031732399e-01,-1,0,6.908680829808501178e-01,5.083120346175078907e+00
823,7008.23,-1.306086885976451284e-01,-8.116368062207245382e-01,-1,0,7.402719802882775646e-01,4.797645091302444875e+00
824,7008.24,-1.041239064550849441e-01,-7.585176710694142566e-01,-1,0,7.868212735023090154e-01,4.512256348230279102e+00
825,7008.25,-8.065067480000613631e-02,-7.067130784950866884e-01,-1,0,8.305185273281916469e-01,4.227293518054566768e+00
826,7008.26,-5.979755359040896112e-02,-6.556345420964651005e-01,-1,0,8.713696843505585043e-01,3.943092711638521486e+00
827,7008.27,-4.125267674953798230e-02,-6.047321446804286849e-01,-1,0,9.093840302228767269e-01,3.659986368913937582e+00
828,7008.28,-2.476394152463888901e-02,-5.534625254768184011e-01,-1,0,9.445741550790218710e-01,3.378302884077552193e+00
829,7008.29,-1.012503499401894158e-02,-5.012577864924541160e-01,-1,0,9.769559112280933322e-01,3.098366237114480892e+00
830,7008.3,2.834648675687348896e-03,-4.474907828211532879e-01,-1,0,1.006548367197869887e+00,2.820495632072280490e+00
831,7008.31,1.425742874519110234e-02,-3.914312354746140588e-01,-1,0,1.033373758196487913e+00,2.545005142500157636e+00
832,7008.32,2.426289429142096388e-02,-3.321843042746662200e-01,-1,0,1.057457433066030461e+00,2.272203364458333041e+00
833,7008.33,3.295212824998117879e-02,-2.685972069458868461e-01,-1,0,1.078827797805711253e+00,2.002393077492585327e+00
834,7008.34,4.041096146869768702e-02,-1.991064647635327201e-01,-1,0,1.097516255746235014e+00,1.735870913958551309e+00
835,7008.35,4.671250865085389142e-02,-1.214687255081835365e-01,-1,0,1.113557144460713522e+00,1.472927037069470479e+00
836,7008.36,5.191916440734196253e-02,-3.224400780332842970e-02,-1,0,1.126987669501189337e+00,1.213844828029714940e+00
837,7008.37,5.608418752899598653e-02,7.431060503438213782e-02,-1,0,1.137847835053390044e+00,9.589005826047206638e-01
838,7008.38,5.925296687143489366e-02,2.089969649835368148e-01,-1,0,1.146180371605780346e+00,7.083632174657568115e-01
839,7008.39,6.146403777612505226e-02,3.963579473778798268e-01,-1,0,1.152030660732296763e+00,4.624939866354423890e-01
840,7008.4,6.274990042904059206e-02,7.172855787315568499e-01,-1,0,1.155446657091353746e+00,2.215462083469890153e-01
841,7008.41,6.313767881613474575e-02,1.909780287171152446e+00,1,0,1.156478807746762927e+00,-1.423499738312653147e-02
842,7008.42,6.264964952671853160e-02,6.741701862506509491e-01,1,0,1.155179968919144873e+00,-2.446129601829744038e-01
843,7008.43,6.130366259937686940e-02,3.897978654583448277e-01,1,0,1.151605320279200484e+00,-4.693596994813313827e-01
844,7008.44,5.911347122132366155e-02,2.213633684675026247e-01,1,0,1.145812276896859494e+00,-6.882561531343007744e-01
845,7008.45,5.608898290342861220e-02,1.013196588852021407e-01,1,0,1.137860398962829533e+00,-9.010923942790484142e-01
846,7008.46,5.223644141664353369e-02,7.826896312082812571e-03,1,0,1.127811299401431766e+00,-1.107667836186124521e+00
847,7008.47,4.755854603898286570e-02,-6.897993935650079123e-02,1,0,1.115728549495816235e+00,-1.307791424896907806e+00
848,7008.48,4.205451233401928668e-02,-1.344077129823496863e-01,1,0,1.101677582648708409e+00,-1.501281819448011312e+00
849,7008.49,3.572007661009036356e-02,-1.916440191952330507e-01,1,0,1.085725596403745108e+00,-1.687967559500005876e+00
850,7008.5,2.854744426621273756e-02,-2.427567028348225353e-01,1,0,1.067941452854202833e+00,-1.867687220203531950e+00
851,7008.51,2.052518030005371502e-02,-2.891666257761738579e-01,1,0,1.048395577567515780e+00,-2.040289554151763607e+00
852,7008.52,1.163803822033869159e-02,-3.318953348413984372e-01,1,0,1.027159857155404810e+00,-2.205633620284237484e+00
853,7008.53,1.866721346527436742e-03,-3.717052203420062040e-01,1,0,1.004307535620713621e+00,-2.363588899623241701e+00
854,7008.54,-8.812432152957790782e-03,-4.091838204333055340e-01,1,0,9.799131096131530327e-01,-2.514035397740278288e+00
855,7008.55,-2.042785231742721974e-02,-4.447971330553537328e-01,1,0,9.540522227270941125e-01,-2.656863733866498656e+00
856,7008.56,-3.301324435355922071e-02,-4.789248032361291263e-01,1,0,9.268015589753360040e-01,-2.791975216577508689e+00
857,7008.57,-4.660822038993965577e-02,-5.118842558741656390e-01,1,0,8.982387355733799650e-01,-2.919281905999470350e+00
858,7008.58,-6.125908355484164375e-02,-5.439478616188805349e-01,1,0,8.684421951691967401e-01,-3.038706662500004541e+00
859,7008.59,-7.701980072144716527e-02,-5.753556092891259910e-01,1,0,8.374910976537489615e-01,-3.150183181843996483e+00
860,7008.6,-9.395321216388199947e-02,-6.063248486880524757e-01,1,0,8.054652116876528378e-01,-3.253656016810995588e+00
861,7008.61,-1.121325426753682769e-01,-6.370581402972320673e-01,1,0,7.724448060793092097e-01,-3.349080585287462775e+00
862,7008.62,-1.316433013940883356e-01,-6.677499393383435899e-01,1,0,7.385105411496206695e-01,-3.436423164863651625e+00
863,7008.63,-1.525856896670963192e-01,-6.985926653800398345e-01,1,0,7.037433602180307446e-01,-3.515660873981364620e+00
864,7008.64,-1.750776824093235318e-01,-7.297826204005813944e-01,1,0,6.682243813440773561e-01,-3.586781639695199697e+00
865,7008.65,-1.992590159363133717e-01,-7.615261970195256191e-01,1,0,6.320347894579437797e-01,-3.649784152126181791e+00
866,7008.66,-2.252964160547992756e-01,-7.940468596009437885e-01,1,0,5.952557290126228029e-01,-3.704677805702819349e+00
867,7008.67,-2.533905539932196915e-01,-8.275934936145520338e-01,1,0,5.579681972892768238e-01,-3.751482627300633865e+00
868,7008.68,-2.837854581327076686e-01,-8.624509302521998766e-01,1,0,5.202529384861874773e-01,-3.790229191407047615e+00
869,7008.69,-3.167814954983350639e-01,-8.989538188274046604e-01,1,0,4.821903387203435587e-01,-3.820958522454197315e+00
870,7008.7,-3.527536760527543724e-01,-9.375056437657828257e-01,1,0,4.438603220692077245e-01,-3.843721984477673548e+00
871,7008.71,-3.921781285038460352e-01,-9.786057677846690117e-01,1,0,4.053422477785511568e-01,-3.858581158274456691e+00
872,7008.72,-4.356715519071840959e-01,-1.022889330297018118e+00,1,0,3.667148087604348849e-01,-3.865607706248308517e+00
873,7008.73,-4.840521054575626092e-01,-1.071188481993659680e+00,1,0,3.280559315034595191e-01,-3.864883225145634871e+00
874,7008.74,-5.384374329858390151e-01,-1.124630665856781064e+00,1,0,2.894426775153042253e-01,-3.856499086899308093e+00
875,7008.75,-6.004108159982075588e-01,-1.184804948320127505e+00,1,0,2.509511464153280635e-01,-3.840556267812126556e+00
876,7008.76,-6.723215816710929049e-01,-1.254062533674644930e+00,1,0,2.126563807926208083e-01,-3.817165166325462433e+00
877,7008.77,-7.578754933590029497e-01,-1.336107193205385846e+00,1,0,1.746322729423678000e-01,-3.786445409632205550e+00
878,7008.78,-8.634332903988375385e-01,-1.437293777264980532e+00,1,0,1.369514735907342295e-01,-3.748525649406319715e+00
879,7008.79,-1.001368867967114662e+00,-1.569986300044820871e+00,1,0,9.968530271568806778e-02,-3.703543346934190517e+00
880,7008.8,-1.201324067004985841e+00,-1.763812563583869508e+00,1,0,6.290366256826530889e-02,-3.651644547945413599e+00
881,7008.81,-1.573896337178350535e+00,-2.129351577807108598e+00,1,0,2.667495299574434986e-02,-3.592983647452792084e+00
882,7008.82,-2.048953525161637756e+00,-2.596448019606061308e+00,-1,0,8.934010834960062070e-03,3.527723144922984666e+00
883,7008.83,-1.357950402237236176e+00,-1.896528331955755098e+00,-1,0,4.385807821864461803e-02,3.456033390110544001e+00
884,7008.84,-1.107717020587756229e+00,-1.636388534820616192e+00,-1,0,7.803384010624968281e-02,3.378092319898930107e+00
885,7008.85,-9.531159645890632248e-01,-1.470850790615754633e+00,-1,0,1.113997036242073135e-01,3.294085186502497820e+00
886,7008.86,-8.419513875029372985e-01,-1.347671583341076618e+00,-1,0,1.438959638341265335e-01,3.204204277393417843e+00
887,7008.87,-7.558098144710160282e-01,-1.248381450686979033e+00,-1,0,1.754648726519247026e-01,3.108648627326984215e+00
888,7008.88,-6.860258955211677723e-01,-1.164249397217134163e+00,-1,0,2.060507048492937754e-01,3.007623722847770242e+00
889,7008.89,-6.278250437271887252e-01,-1.090423848855066158e+00,-1,0,2.355998210642583079e-01,2.901341199667646364e+00
890,7008.9,-5.782961841358960076e-01,-1.023903272316148083e+00,-1,0,2.640607277515321094e-01,2.790018533314685634e+00
891,7008.91,-5.355340994453153813e-01,-9.626758049416843654e-01,-1,0,2.913841340074098119e-01,2.673878723459521822e+00
892,7008.92,-4.982248036855246309e-01,-9.053011297485206166e-01,-1,0,3.175230052080292853e-01,2.553149972332747542e+00
893,7008.93,-4.654248796640051977e-01,-8.506852523827950208e-01,-1,0,3.424326134040112102e-01,2.428065357653413692e+00
894,7008.94,-4.364351674251878976e-01,-7.979481634607836771e-01,-1,0,3.660705844187119862e-01,2.298862500494670336e+00
895,7008.95,-4.107241985651962635e-01,-7.463391848482012758e-01,-1,0,3.883969416016143650e-01,2.165783228518004755e+00
896,7008.96,-3.878795884453380416e-01,-6.951773106821312886e-01,-1,0,4.093741461927194458e-01,2.029073235012424092e+00
897,7008.97,-3.675759804425100530e-01,-6.438037389024544588e-01,-1,0,4.289671342581899971e-01,1.888981734179258742e+00
898,7008.98,-3.495532236156089767e-01,-5.915380389545861206e-01,-1,0,4.471433501619203055e-01,1.745761113107045848e+00
899,7008.99,-3.336011143198639450e-01,-5.376305862434848093e-01,-1,0,4.638727765421694627e-01,1.599666580884188782e+00
900,7009,-3.195484840104897972e-01,-4.812026714560274088e-01,-1,0,4.791279607668853524e-01,1.450955815299741047e+00
901,7009.01,-3.072552463364743303e-01,-4.211613838863829118e-01,-1,0,4.928840378458622107e-01,1.299888607584779532e+00
902,7009.02,-2.966065103712322015e-01,-3.560663613581205311e-01,-1,0,5.051187497824055628e-01,1.146726505648363981e+00
903,7009.03,-2.875081700869555057e-01,-2.839026966361835047e-01,-1,0,5.158124613517253154e-01,9.917324562630616125e-01
904,7009.04,-2.798835720152774709e-01,-2.016586899991837378e-01,-1,0,5.249481722978293075e-01,8.351704466554157325e-01
905,7009.05,-2.736709877009711467e-01,-1.044553629560269759e-01,-1,0,5.325115259452432026e-01,6.773051459565890831e-01
906,7009.06,-2.688217006571751999e-01,1.651201049547594557e-02,-1,0,5.384908142264321906e-01,5.184015469676842569e-01
907,7009.07,-2.652985743484472803e-01,1.799402551284446650e-01,-1,0,5.428769791303378334e-01,3.587246086929597455e-01
908,7009.08,-2.630750076432809004e-01,4.390793808027548817e-01,-1,0,5.456636105819688831e-01,1.985389000923140912e-01
909,7009.09,-2.621342131215738114e-01,1.156846832499790478e+00,-1,0,5.468469407674845240e-01,3.810824550200603983e-02
910,7009.1,-2.624687754693607600e-01,6.500883341078181887e-01,1,0,5.464258349236857937e-01,-1.223046278303829976e-01
911,7009.11,-2.640804645827053432e-01,2.849957318702333597e-01,1,0,5.444017786152739458e-01,-2.824384396542448106e-01
912,7009.12,-2.669802928454982349e-01,8.756432300432041849e-02,1,0,5.407788615276371003e-01,-4.420337036290555299e-01
913,7009.13,-2.711888198543106476e-01,-4.994264876778164997e-02,1,0,5.355637578072920402e-01,-6.008330708084528293e-01
914,7009.14,-2.767367219921517130e-01,-1.567390659843274081e-01,1,0,5.287657029864195612e-01,-7.585816692665573457e-01
915,7009.15,-2.836656601052331972e-01,-2.450997778003223271e-01,1,0,5.203964675321894884e-01,-9.150274394434712022e-01
916,7009.16,-2.920294977810551362e-01,-3.213813982150783288e-01,1,0,5.104703270657756642e-01,-1.069921464793055943e+00
917,7009.17,-3.018959475715372043e-01,-3.893289020459865801e-01,1,0,4.990040293000930216e-01,-1.223018297322780334e+00
918,7009.18,-3.133487561027150647e-01,-4.513595980191884571e-01,1,0,4.860167577493590962e-01,-1.374076277622603648e+00
919,7009.19,-3.264905860894789513e-01,-5.091499521428181074e-01,1,0,4.715300922675715323e-01,-1.522857848987548390e+00
920,7009.2,-3.414468211851621748e-01,-5.639369490962445886e-01,1,0,4.555679664769083370e-01,-1.669129865246759437e+00
921,7009.21,-3.583706201413610626e-01,-6.166879038747937747e-01,1,0,4.381566221508865766e-01,-1.812663891920491821e+00
922,7009.22,-3.774496994144058148e-01,-6.682045308088995217e-01,1,0,4.193245606208544918e-01,-1.953236500335540748e+00
923,7009.23,-3.989155612539890816e-01,-7.191926467932528988e-01,1,0,3.991024912780411493e-01,-2.090629554339183294e+00
924,7009.24,-4.230562655758863255e-01,-7.703141506449777687e-01,1,0,3.775232772469365727e-01,-2.224630489261656408e+00
925,7009.25,-4.502344742177210590e-01,-8.222313943565091598e-01,1,0,3.546218783092238147e-01,-2.355032582787602191e+00
926,7009.26,-4.809135753410224701e-01,-8.756515190186893172e-01,1,0,3.304352911608258725e-01,-2.481635217407718308e+00
927,7009.27,-5.156966192626197820e-01,-9.313783138811145834e-01,1,0,3.050024870878635386e-01,-2.604244134133039790e+00
928,7009.28,-5.553863898494438844e-01,-9.903816634361651827e-01,1,0,2.783643471504367306e-01,-2.722671677165872772e+00
929,7009.29,-6.010820285287656883e-01,-1.053901106289269141e+00,1,0,2.505635949661436102e-01,-2.836737029233345808e+00
930,7009.3,-6.543425958798164688e-01,-1.123614614359866426e+00,1,0,2.216447271881301362e-01,-2.946266437301837904e+00
931,7009.31,-7.174822441183611454e-01,-1.201937750619737288e+00,1,0,1.916539417752177732e-01,-3.051093428403186980e+00
932,7009.32,-7.941488346260535680e-01,-1.292605371657973290e+00,1,0,1.606390641542826403e-01,-3.151059015316528544e+00
933,7009.33,-8.905919939719564304e-01,-1.401942100516071266e+00,1,0,1.286494713775560295e-01,-3.246011891862874421e+00
934,7009.34,-1.018924656746033719e+00,-1.542125783030729558e+00,1,0,9.573601437987665219e-02,-3.335808617583086111e+00
935,7009.35,-1.207952110472829244e+00,-1.742018062055798122e+00,1,0,6.195093844315005538e-02,-3.420313791583707630e+00
936,7009.36,-1.563077573442651858e+00,-2.107071187654115274e+00,1,0,2.734780197735586088e-02,-3.499400215349185661e+00
937,7009.37,-2.095901110716098081e+00,-2.648927933265398327e+00,-1,0,8.018606270613267209e-03,3.572949044333304069e+00
938,7009.38,-1.355636739413721426e+00,-1.916839517574130181e+00,-1,0,4.409235146719755333e-02,3.640849928157167348e+00
939,7009.39,-1.092500293543081424e+00,-1.661054139206465496e+00,-1,0,8.081643828676426944e-02,3.703001139255785112e+00
940,7009.4,-9.276291429036470637e-01,-1.502737247027761569e+00,-1,0,1.181328977343084619e-01,3.759309689830193424e+00
941,7009.41,-8.069230789986326924e-01,-1.387812880751698952e+00,-1,0,1.559828750786627916e-01,3.809691436977093115e+00
942,7009.42,-7.115121820172657374e-01,-1.297431912836928047e+00,-1,0,1.943067187774149551e-01,3.854071175883183820e+00
943,7009.43,-6.325619430647284602e-01,-1.222777479039466986e+00,-1,0,2.330440702736790992e-01,3.892382720986681477e+00
944,7009.44,-5.652172672937935127e-01,-1.159009233585844623e+00,-1,0,2.721339545439699359e-01,3.924568975023910333e+00
945,7009.45,-5.065212159107316259e-01,-1.103182294991418733e+00,-1,0,3.115148712756840577e-01,3.950581985894375148e+00
946,7009.46,-4.545383881102021961e-01,-1.053370789831178822e+00,-1,0,3.511248865521051643e-01,3.970382991293269104e+00
947,7009.47,-4.079324131629565864e-01,-1.008245469480717915e+00,-1,0,3.909017249224176482e-01,3.983942451075979552e+00
948,7009.48,-3.657415830027384018e-01,-9.668494337592448140e-01,-1,0,4.307828617339357624e-01,3.991240067334791863e+00
949,7009.49,-3.272506204503067284e-01,-9.284699591704557164e-01,-1,0,4.707056156036374395e-01,3.992264792183619182e+00
950,7009.5,-2.919130307709437155e-01,-8.925608810932366133e-01,-1,0,5.106072409061261919e-01,3.987014823262212015e+00
951,7009.51,-2.593018330057735299e-01,-8.586933271953055558e-01,-1,0,5.504250201553393396e-01,3.975497586986895371e+00
952,7009.52,-2.290770671191846297e-01,-8.265231981614433732e-01,-1,0,5.900963561576666461e-01,3.957729709590402045e+00
953,7009.53,-2.009636570815842016e-01,-7.957689751237762010e-01,-1,0,6.295588638146485394e-01,3.933736976008856523e+00
954,7009.54,-1.747359052968593951e-01,-7.661961276558938438e-01,-1,0,6.687504614540790149e-01,3.903554276689306768e+00
955,7009.55,-1.502063686964575928e-01,-7.376058702151323532e-01,-1,0,7.076094615691506107e-01,3.867225542406493410e+00
956,7009.56,-1.272177098315111499e-01,-7.098268569176880982e-01,-1,0,7.460746608462383023e-01,3.824803667192649748e+00
957,7009.57,-1.056366165506323340e-01,-6.827089036050875137e-01,-1,0,7.840854293630363792e-01,3.776350419499127309e+00
958,7009.58,-8.534919057789326635e-02,-6.561181314643502738e-01,-1,0,8.215817988400208050e-01,3.721936341723445452e+00
959,7009.59,-6.625739885989437306e-02,-6.299331182676103369e-01,-1,0,8.585045498296204336e-01,3.661640638250001523e+00
960,7009.6,-4.827630684596885546e-02,-6.040417663981205720e-01,-1,0,8.947952977290362098e-01,3.595551052167103911e+00
961,7009.61,-3.133189584378705261e-02,-5.783386770158058798e-01,-1,0,9.303965775043425701e-01,3.523763730837186969e+00
962,7009.62,-1.535932268366300979e-02,-5.527228722046589882e-01,-1,0,9.652519270153474551e-01,3.446383080511044472e+00
963,7009.63,-3.015185499875826800e-04,-5.270957408635588148e-01,-1,0,9.993059688326595413e-01,3.363521610190625566e+00
964,7009.64,1.389194911226736620e-02,-5.013591049283865342e-01,-1,0,1.032504490440530942e+00,3.275299764958363280e+00
965,7009.65,2.726580847146368655e-02,-4.754133134198393895e-01,-1,0,1.064794522721282277e+00,3.181845749004173385e+00
966,7009.66,3.985985194454574193e-02,-4.491552743967918704e-01,-1,0,1.096124416619497222e+00,3.083295338594080004e+00
967,7009.67,5.170957443654901342e-02,-4.224763295342193192e-01,-1,0,1.126443917886676305e+00,2.979791685236965026e+00
968,7009.68,6.284670653011154018e-02,-3.952598619687569537e-01,-1,0,1.155704239809661305e+00,2.871485109318104634e+00
969,7009.69,7.329966236433967108e-02,-3.673785031862892847e-01,-1,0,1.183858133828895376e+00,2.758532884479995229e+00
970,7009.7,8.309391770614693584e-02,-3.386907652167638894e-01,-1,0,1.210859957955437105e+00,2.641099013042437438e+00
971,7009.71,9.225233048499806299e-02,-3.090368637313299915e-01,-1,0,1.236665742898631848e+00,2.519353992764921113e+00
972,7009.72,1.007954135732121309e-01,-2.782334049668209741e-01,-1,0,1.261233255819419918e+00,2.393474575265056359e+00
973,7009.73,1.087415676609768678e-01,-2.460664665854130351e-01,-1,0,1.284522061627456635e+00,2.263643516417062074e+00
974,7009.74,1.161072805614489500e-01,-2.122823786282133918e-01,-1,0,1.306493581743503718e+00,2.130049319064208913e+00
975,7009.75,1.229072980864031189e-01,-1.765751512832024472e-01,-1,0,1.327111150251941485e+00,1.992885968388516726e+00
976,7009.76,1.291547706823653885e-01,-1.385689027205047608e-01,-1,0,1.346340067371729843e+00,1.852352660290022657e+00
977,7009.77,1.348613792552506574e-01,-9.779262714880901375e-02,-1,0,1.364147650177707671e+00,1.708653523136448582e+00
978,7009.78,1.400374429960951350e-01,-5.364284508881456137e-02,-1,0,1.380503280507776820e+00,1.561997333252177045e+00
979,7009.79,1.446920115194165746e-01,-5.326337092948970134e-03,-1,0,1.395378449995237746e+00,1.412597224523042927e+00
980,7009.8,1.488329432143878917e-01,4.823138989247727909e-02,-1,0,1.408746802169346557e+00,1.260670392500548020e+00
981,7009.81,1.524669713682386407e-01,1.085399695029768685e-01,-1,0,1.420584171571035226e+00,1.106437793395744995e+00
982,7009.82,1.555997593361364006e-01,1.778195447726586553e-01,-1,0,1.430868619834669619e+00,9.501238383591393832e-01
983,7009.83,1.582359457904097266e-01,2.595348465806564531e-01,-1,0,1.439580468690706327e+00,7.919560834485894762e-01
984,7009.84,1.603791808748942505e-01,3.595487914656912976e-01,-1,0,1.446702329848165824e+00,6.321649156922745094e-01
985,7009.85,1.620321539097186736e-01,4.890267049350237039e-01,-1,0,1.452219131719921119e+00,4.709832356583873447e-01
986,7009.86,1.631966131316693602e-01,6.737357674772863625e-01,-1,0,1.456118142957950390e+00,3.086461369472648930e-01
987,7009.87,1.638733778100107119e-01,1.001337099709534328e+00,-1,0,1.458388992769865666e+00,1.453905830251951969e-01
988,7009.88,1.640623429426694979e-01,1.895837421426909586e+00,1,0,1.459023687992249352e+00,-1.854491817786348487e-02
989,7009.89,1.637624766088337791e-01,9.014997608759849346e-01,1,0,1.458016626900553225e+00,-1.829206414819611881e-01
990,7009.9,1.629718099274108101e-01,6.220220337778399333e-01,1,0,1.455364609739582704e+00,-3.474959730556230197e-01
991,7009.91,1.616874194426403955e-01,4.523922328217949151e-01,1,0,1.451066845962854179e+00,-5.120297399711188913e-01
992,7009.92,1.599054016246345966e-01,3.297785106760823259e-01,1,0,1.445124958173402030e+00,-6.762805402877171135e-01
993,7009.93,1.576208390296103823e-01,2.333378959992986612e-01,1,0,1.437542982762902710e+00,-8.400070732338137391e-01
994,7009.94,1.548277575075602541e-01,1.535404774571291486e-01,1,0,1.428327367250268098e+00,-1.002968469059080991e+00
995,7009.95,1.515190736688698248e-01,8.522125044417308559e-02,1,0,1.417486964325153309e+00,-1.164924618128575950e+00
996,7009.96,1.476865316197938649e-01,2.526207858694439617e-02,1,0,1.405033022606090531e+00,-1.325636498832085453e+00
997,7009.97,1.433206277423454966e-01,-2.836678265654640763e-02,1,0,1.390979174127226603e+00,-1.484866503883863986e+00
998,7009.98,1.384105220179260576e-01,-7.706279909810227757e-02,1,0,1.375341418571869978e+00,-1.642378764590326501e+00
999,7009.99,1.329439340645878764e-01,-1.218311331270986314e-01,1,0,1.358138104275271818e+00,-1.797939472666213900e+00
1000,7010,1.269070216608396418e-01,-1.634208508385543990e-01,1,0,1.339389906023238153e+00,-1.951317199183211892e+00
1001,7010.01,1.202842390461124067e-01,-2.024069828073243316e-01,1,0,1.319119799677310967e+00,-2.102283210239014988e+00
1002,7010.02,1.130581716958651978e-01,-2.392424157945878260e-01,1,0,1.297353033661357680e+00,-2.250611778939333174e+00
1003,7010.03,1.052093435372538494e-01,-2.742920599983231789e-01,1,0,1.274117097348453687e+00,-2.396080493290380531e+00
1004,7010.04,9.671599165925916231e-02,-3.078561392977225419e-01,1,0,1.249441686390945216e+00,-2.538470559604909305e+00
1005,7010.05,8.755380242622279319e-02,-3.401865608282945708e-01,1,0,1.223358665040514381e+00,-2.677567101030900343e+00
1006,7010.06,7.769560145529143258e-02,-3.714987473640407600e-01,1,0,1.195902025508949196e+00,-2.813159450818536911e+00
1007,7010.07,6.711098807135824906e-02,-4.019804220922276738e-01,1,0,1.167107844424126961e+00,-2.945041439948102191e+00
1008,7010.08,5.576590247875703316e-02,-4.317983082841536646e-01,1,0,1.137014236439460424e+00,-3.073011678748922115e+00
1009,7010.09,4.362211081031446697e-02,-4.611033859294974557e-01,1,0,1.105661305058707633e+00,-3.196873832147414163e+00
1010,7010.1,3.063658918620964025e-02,-4.900351479008275835e-01,1,0,1.073091090741635778e+00,-3.316436888190712473e+00
1011,7010.11,1.676078259368984566e-02,-5.187251721379469993e-01,1,0,1.039347516359508061e+00,-3.431515419501165454e+00
1012,7010.12,1.939707296415461336e-03,-5.473002466316567727e-01,1,0,1.004476330072775037e+00,-3.541929837326282637e+00
1013,7010.13,-1.388914410176081415e-02,-5.758852350120478025e-01,1,0,9.685250457066494345e-01,-3.647506637858396239e+00
1014,7010.14,-3.079714890057654725e-02,-6.046058433843416458e-01,1,0,9.315428807034553671e-01,-3.748078640508397452e+00
1015,7010.15,-4.886622391671339299e-02,-6.335914390142318720e-01,1,0,8.935806917337461019e-01,-3.843485217828392475e+00
1016,7010.16,-6.819091591239873074e-02,-6.629780768624479181e-01,1,0,8.546909080511813084e-01,-3.933572516789008322e+00
1017,7010.17,-8.888104642593268323e-02,-6.929119117090671853e-01,1,0,8.149274626790418141e-01,-4.018193671128296174e+00
1018,7010.18,-1.110650969069594957e-01,-7.235532154088449852e-01,1,0,7.743457215190338028e-01,-4.097209004500778740e+00
1019,7010.19,-1.348945971807426758e-01,-7.550812881647540609e-01,1,0,7.330024104756881487e-01,-4.170486224167113676e+00
1020,7010.2,-1.605498962628970905e-01,-7.877006628858589377e-01,1,0,6.909555406921950027e-01,-4.237900604977088648e+00
1021,7010.21,-1.882478729574683096e-01,-8.216491757032672316e-01,1,0,6.482643319959263684e-01,-4.299335163411204697e+00
1022,7010.22,-2.182524250204363192e-01,-8.572087536961503496e-01,1,0,6.049891346541780290e-01,-4.354680821458983608e+00
1023,7010.23,-2.508890320035724875e-01,-8.947202246028115313e-01,1,0,5.611913495428222376e-01,-4.403836560125204080e+00
1024,7010.24,-2.865654510432850688e-01,-9.346042153966919175e-01,1,0,5.169333468325768566e-01,-4.446709562368674540e+00
1025,7010.25,-3.258019321040035998e-01,-9.773915322291650831e-01,1,0,4.722783832994871256e-01,-4.483215345291778675e+00
1026,7010.26,-3.692767441267757467e-01,-1.023768817874916470e+00,1,0,4.272905183679650554e-01,-4.513277881412814274e+00
1027,7010.27,-4.178973829655627248e-01,-1.074649861176423693e+00,1,0,3.820345289963369972e-01,-4.536829708867251121e+00
1028,7010.28,-4.729170829250927133e-01,-1.131292183019407815e+00,1,0,3.365758235163232581e-01,-4.553812030398218802e+00
1029,7010.29,-5.361363313001100694e-01,-1.195498600188432459e+00,1,0,2.909803545391939084e-01,-4.564174801010952187e+00
1030,7010.3,-6.102767258878826206e-01,-1.269991108344129538e+00,1,0,2.453145310425280945e-01,-4.567876804180483141e+00
1031,7010.31,-6.997412797466148193e-01,-1.359171189041350924e+00,1,0,1.996451297525367041e-01,-4.564885716516515757e+00
1032,7010.32,-8.123687288036749443e-01,-1.470874096444426238e+00,1,0,1.540392059377946876e-01,-4.555178160804276288e+00
1033,7010.33,-9.643141487104841536e-01,-1.621249429596523184e+00,1,0,1.085640037309678063e-01,-4.538739747354956222e+00
1034,7010.34,-1.198686409634967420e+00,-1.853398517778197974e+00,1,0,6.328686609570745303e-02,-4.515565103614407327e+00
1035,7010.35,-1.738139179088793673e+00,-2.389965327228984471e+00,1,0,1.827514455632484047e-02,-4.485657891993708013e+00
1036,7010.36,-1.578332065606650403e+00,-2.226597479475425079e+00,-1,0,2.640389119185489186e-02,4.449030815900351321e+00
1037,7010.37,-1.150684143239148138e+00,-1.794699617782814283e+00,-1,0,7.068314367342135029e-02,4.405705613963835532e+00
1038,7010.38,-9.412105278696896171e-01,-1.580269788260303399e+00,-1,0,1.144957779070664428e-01,4.355713042464578244e+00
1039,7010.39,-8.019609538640998236e-01,-1.435337778386956531e+00,-1,0,1.577753114451710403e-01,4.299092845990098333e+00
1040,7010.4,-6.979815811840864859e-01,-1.324926635787961660e+00,-1,0,2.004557040612463259e-01,4.235893716357487016e+00
1041,7010.41,-6.153393958422210819e-01,-1.235076720875279532e+00,-1,0,2.424714469681497619e-01,4.166173239856126642e+00
1042,7010.42,-5.470524190041897716e-01,-1.158775496896934820e+00,-1,0,2.837576514506104375e-01,4.089997832879554984e+00
1043,7010.43,-4.891198320213926420e-01,-1.091987149696396209e+00,-1,0,3.242501367963611658e-01,4.007442666030151202e+00
1044,7010.44,-4.390352289249273565e-01,-1.032165229533022366e+00,-1,0,3.638855174110858792e-01,3.918591576795039000e+00
1045,7010.45,-3.951248389699983932e-01,-9.775901328366249921e-01,-1,0,4.026012890034458280e-01,3.823536970906149968e+00
1046,7010.46,-3.562158921065038397e-01,-9.270365646727170006e-01,-1,0,4.403359137276531832e-01,3.722379712511830974e+00
1047,7010.47,-3.214553053576503228e-01,-8.795911178374999917e-01,-1,0,4.770289041724015133e-01,3.615229003301603239e+00
1048,7010.48,-2.902036860705402010e-01,-8.345449088699186113e-01,-1,0,5.126209060864530542e-01,3.502202250739761435e+00
1049,7010.49,-2.619699769698478065e-01,-7.913265213864371095e-01,-1,0,5.470537797328068885e-01,3.383424925577365183e+00
1050,7010.5,-2.363693731506331386e-01,-7.494577858783235680e-01,-1,0,5.802706797651366877e-01,3.259030408825809744e+00
1051,7010.51,-2.130952297741434687e-01,-7.085229759866455979e-01,-1,0,6.122161335220850376e-01,3.129159828388568876e+00
1052,7010.52,-1.918997304621980760e-01,-6.681459977464662137e-01,-1,0,6.428361176370360752e-01,2.993961885560864733e+00
1053,7010.53,-1.725802348348493276e-01,-6.279722158444529523e-01,-1,0,6.720781328631447726e-01,2.853592671619884058e+00
1054,7010.54,-1.549694192134827286e-01,-5.876526345323714873e-01,-1,0,6.998912770156978658e-01,2.708215474740770734e+00
1055,7010.55,-1.389280178042300862e-01,-5.468286559917888701e-01,-1,0,7.262263159362889464e-01,2.558000577485907368e+00
1056,7010.56,-1.243393883030239760e-01,-5.051157579399278008e-01,-1,0,7.510357523858289808e-01,2.403125045126971671e+00
1057,7010.57,-1.111053841749844173e-01,-4.620842060992030875e-01,-1,0,7.742738927760670631e-01,2.243772505070905865e+00
1058,7010.58,-9.914318050352448342e-02,-4.172342671813173975e-01,-1,0,7.958969116520612230e-01,2.080132917672219417e+00
1059,7010.59,-8.838280786860105986e-02,-3.699620740023376597e-01,-1,0,8.158629138409237980e-01,1.912402338724985773e+00
1060,7010.6,-7.876522057272769550e-02,-3.195097760664744602e-01,-1,0,8.341319941851447206e-01,1.740782673938452207e+00
1061,7010.61,-7.024077453049736020e-02,-2.648886936508815793e-01,-1,0,8.506662947818962595e-01,1.565481425710346874e+00
1062,7010.62,-6.276802418853041909e-02,-2.047541202278423123e-01,-1,0,8.654300596529020950e-01,1.386711432521744003e+00
1063,7010.63,-5.631277194222912563e-02,-1.371882940336531520e-01,-1,0,8.783896867727500890e-01,1.204690601286693807e+00
1064,7010.64,-5.084732088329920602e-02,-5.929488072534248866e-02,-1,0,8.895137773868945219e-01,1.019641632998765868e+00
1065,7010.65,-4.634989446668363877e-02,3.363550113065078007e-02,-1,0,8.987731825540681285e-01,8.317917420251444982e-01
1066,7010.66,-4.280419625083742297e-02,1.500855573437742396e-01,-1,0,9.061410468513629857e-01,6.413723694069615178e-01
1067,7010.67,-4.019909021847996311e-02,3.079233527923910807e-01,-1,0,9.115928491838690695e-01,4.486188905321508713e-01
1068,7010.68,-3.852838801441485495e-02,5.570307888536774055e-01,-1,0,9.151064406444573418e-01,2.537703175542301293e-01
1069,7010.69,-3.779073424352847460e-02,1.205809026439046860e+00,-1,0,9.166620793730612116e-01,5.706899693707048055e-02
1070,7010.7,-3.798958513681348348e-02,8.120536361574992590e-01,1,0,9.162424623686421521e-01,-1.412396974881174883e-01
1071,7010.71,-3.913327972513008790e-02,4.282299407633324284e-01,1,0,9.138327542109172530e-01,-3.409076755616748389e-01
1072,7010.72,-4.123520643182629342e-02,2.250184285663476003e-01,1,0,9.094206126528709966e-01,-5.416844455331741859e-01
1073,7010.73,-4.431407197213550753e-02,8.451161013897232066e-02,1,0,9.029962110490683536e-01,-7.433174320961238868e-01
1074,7010.74,-4.839428391767865156e-02,-2.407983804709966716e-02,1,0,8.945522575888251726e-01,-9.455522973137650000e-01
1075,7010.75,-5.350646359144674985e-02,-1.134987632146673558e-01,1,0,8.840840113073715756e-01,-1.148133264026377720e+00
1076,7010.76,-5.968811254136994343e-02,-1.902802709213772536e-01,1,0,8.715892948522514505e-01,-1.350803441327381282e+00
1077,7010.77,-6.698446429120233359e-02,-2.582412469212236328e-01,1,0,8.570685039863479293e-01,-1.553305151692899289e+00
1078,7010.78,-7.544956421536995472e-02,-3.198207742751889016e-01,1,0,8.405246138130839650e-01,-1.755380259347386396e+00
1079,7010.79,-8.514763542437978061e-02,-3.766875276798355432e-01,1,0,8.219631817135312213e-01,-1.956770499446347511e+00
1080,7010.8,-9.615480924068153801e-02,-4.300488059369509952e-01,1,0,8.013923469893563523e-01,-2.157217807656166997e+00
1081,7010.81,-1.085613278428911033e-01,-4.808222569583683881e-01,1,0,7.788228272097351690e-01,-2.356464649710567461e+00
1082,7010.82,-1.224743680326465939e-01,-5.297385097966252898e-01,1,0,7.542679112645709338e-01,-2.554254350523261774e+00
1083,7010.83,-1.380216952251272777e-01,-5.774067258782674683e-01,1,0,7.277434491305553310e-01,-2.750331422436930406e+00
1084,7010.84,-1.553564459391341135e-01,-6.243594339884873667e-01,1,0,6.992678383608033066e-01,-2.944441892189765042e+00
1085,7010.85,-1.746634721336818297e-01,-6.710857264979229742e-01,1,0,6.688620073129734056e-01,-3.136333626182454370e+00
1086,7010.86,-1.961678902001169900e-01,-7.180583588203067746e-01,1,0,6.365493951349459056e-01,-3.325756653630638660e+00
1087,7010.87,-2.201468108708561355e-01,-7.657586292234013214e-01,1,0,6.023559285312690692e-01,-3.512463487190564670e+00
1088,7010.88,-2.469457730340860746e-01,-8.147023449817778484e-01,1,0,5.663099953376872220e-01,-3.696209440648858369e+00
1089,7010.89,-2.770023314189636321e-01,-8.654704566993590698e-01,1,0,5.284424149351429900e-01,-3.876752943271080998e+00
1090,7010.9,-3.108808814922650043e-01,-9.187491832036140949e-01,1,0,4.887864055386715312e-01,-4.053855850407950712e+00
1091,7010.91,-3.493258147194792107e-01,-9.753872148804528797e-01,1,0,4.473775484005989012e-01,-4.227283749962866821e+00
1092,7010.92,-3.933459438395250918e-01,-1.036483273642481384e+00,1,0,4.042537489713906029e-01,-4.396806264329628178e+00
1093,7010.93,-4.443552353187599779e-01,-1.103529302984419314e+00,1,0,3.594551950653795958e-01,-4.562197347414943316e+00
1094,7010.94,-5.044219302069158362e-01,-1.178661537220127453e+00,1,0,3.130243120824284242e-01,-4.723235576366607624e+00
1095,7010.95,-5.767447595952531758e-01,-1.265138277296416369e+00,1,0,2.650057153403357346e-01,-4.879704437634877046e+00
1096,7010.96,-6.666612429987027744e-01,-1.368349450287041913e+00,1,0,2.154461595764881054e-01,-5.031392607001773598e+00
1097,7010.97,-7.841127541836397929e-01,-1.498282702996379667e+00,1,0,1.643944856808729205e-01,-5.178094223220690573e+00
1098,7010.98,-9.511638406641327315e-01,-1.677043565421875826e+00,1,0,1.119015647261032004e-01,-5.319609154916749461e+00
1099,7010.99,-1.236420483839820950e+00,-1.973274408682513359e+00,1,0,5.802023936355995420e-02,-5.455743260406888062e+00
1100,7011,-2.552026469298100508e+00,-3.299151395828273436e+00,1,0,2.805262658122411809e-03,-5.586308640107622736e+00
